location,origin_date,horizon,target_end_date,value,output_type_id,target,output_type
HHS Region 1,2020-02-15,1,2020-02-22,4.697610358466097,0.01,ili perc,quantile
HHS Region 1,2020-02-15,1,2020-02-22,4.741364719567534,0.025,ili perc,quantile
HHS Region 1,2020-02-15,1,2020-02-22,4.824974065446855,0.05,ili perc,quantile
HHS Region 1,2020-02-15,1,2020-02-22,5.037239311861749,0.1,ili perc,quantile
HHS Region 1,2020-02-15,1,2020-02-22,5.205246122138516,0.15,ili perc,quantile
HHS Region 1,2020-02-15,1,2020-02-22,5.283979482898212,0.2,ili perc,quantile
HHS Region 1,2020-02-15,1,2020-02-22,5.3597777994340845,0.25,ili perc,quantile
HHS Region 1,2020-02-15,1,2020-02-22,5.41396563130413,0.3,ili perc,quantile
HHS Region 1,2020-02-15,1,2020-02-22,5.490295973215655,0.35,ili perc,quantile
HHS Region 1,2020-02-15,1,2020-02-22,5.526560992997323,0.4,ili perc,quantile
HHS Region 1,2020-02-15,1,2020-02-22,5.5644734626312715,0.45,ili perc,quantile
HHS Region 1,2020-02-15,1,2020-02-22,5.609209127632609,0.5,ili perc,quantile
HHS Region 1,2020-02-15,1,2020-02-22,5.704941515568622,0.55,ili perc,quantile
HHS Region 1,2020-02-15,1,2020-02-22,5.73971673128021,0.6,ili perc,quantile
HHS Region 1,2020-02-15,1,2020-02-22,5.787327534971702,0.65,ili perc,quantile
HHS Region 1,2020-02-15,1,2020-02-22,5.8578937994493,0.7,ili perc,quantile
HHS Region 1,2020-02-15,1,2020-02-22,5.931507727097718,0.75,ili perc,quantile
HHS Region 1,2020-02-15,1,2020-02-22,6.004620172571182,0.8,ili perc,quantile
HHS Region 1,2020-02-15,1,2020-02-22,6.107387692468289,0.85,ili perc,quantile
HHS Region 1,2020-02-15,1,2020-02-22,6.171306907239082,0.9,ili perc,quantile
HHS Region 1,2020-02-15,1,2020-02-22,6.356756498694855,0.95,ili perc,quantile
HHS Region 1,2020-02-15,1,2020-02-22,6.486571030882577,0.975,ili perc,quantile
HHS Region 1,2020-02-15,1,2020-02-22,6.614482701876694,0.99,ili perc,quantile
HHS Region 1,2020-02-15,2,2020-02-29,3.3981290121538987,0.01,ili perc,quantile
HHS Region 1,2020-02-15,2,2020-02-29,3.7171724771210712,0.025,ili perc,quantile
HHS Region 1,2020-02-15,2,2020-02-29,3.828971951365483,0.05,ili perc,quantile
HHS Region 1,2020-02-15,2,2020-02-29,4.062137307978361,0.1,ili perc,quantile
HHS Region 1,2020-02-15,2,2020-02-29,4.232261330115699,0.15,ili perc,quantile
HHS Region 1,2020-02-15,2,2020-02-29,4.408149720600693,0.2,ili perc,quantile
HHS Region 1,2020-02-15,2,2020-02-29,4.504833960133507,0.25,ili perc,quantile
HHS Region 1,2020-02-15,2,2020-02-29,4.5457722758481225,0.3,ili perc,quantile
HHS Region 1,2020-02-15,2,2020-02-29,4.632241683885551,0.35,ili perc,quantile
HHS Region 1,2020-02-15,2,2020-02-29,4.696501760362061,0.4,ili perc,quantile
HHS Region 1,2020-02-15,2,2020-02-29,4.79150837875041,0.45,ili perc,quantile
HHS Region 1,2020-02-15,2,2020-02-29,4.907588711889074,0.5,ili perc,quantile
HHS Region 1,2020-02-15,2,2020-02-29,4.969276818505809,0.55,ili perc,quantile
HHS Region 1,2020-02-15,2,2020-02-29,5.0214832935569405,0.6,ili perc,quantile
HHS Region 1,2020-02-15,2,2020-02-29,5.168383507255215,0.65,ili perc,quantile
HHS Region 1,2020-02-15,2,2020-02-29,5.22017123664627,0.7,ili perc,quantile
HHS Region 1,2020-02-15,2,2020-02-29,5.264199371203759,0.75,ili perc,quantile
HHS Region 1,2020-02-15,2,2020-02-29,5.3731101575255416,0.8,ili perc,quantile
HHS Region 1,2020-02-15,2,2020-02-29,5.584335383258515,0.85,ili perc,quantile
HHS Region 1,2020-02-15,2,2020-02-29,5.7143263403519144,0.9,ili perc,quantile
HHS Region 1,2020-02-15,2,2020-02-29,6.060734972109468,0.95,ili perc,quantile
HHS Region 1,2020-02-15,2,2020-02-29,6.38137166957968,0.975,ili perc,quantile
HHS Region 1,2020-02-15,2,2020-02-29,6.457305034650605,0.99,ili perc,quantile
HHS Region 1,2020-02-15,3,2020-03-07,2.5056397479862453,0.01,ili perc,quantile
HHS Region 1,2020-02-15,3,2020-03-07,2.7574949992624322,0.025,ili perc,quantile
HHS Region 1,2020-02-15,3,2020-03-07,3.0277435731935,0.05,ili perc,quantile
HHS Region 1,2020-02-15,3,2020-03-07,3.336855972817171,0.1,ili perc,quantile
HHS Region 1,2020-02-15,3,2020-03-07,3.562064561963964,0.15,ili perc,quantile
HHS Region 1,2020-02-15,3,2020-03-07,3.7375954374046296,0.2,ili perc,quantile
HHS Region 1,2020-02-15,3,2020-03-07,3.850647753643658,0.25,ili perc,quantile
HHS Region 1,2020-02-15,3,2020-03-07,3.93293655228598,0.3,ili perc,quantile
HHS Region 1,2020-02-15,3,2020-03-07,4.01979135864686,0.35,ili perc,quantile
HHS Region 1,2020-02-15,3,2020-03-07,4.119839903391423,0.4,ili perc,quantile
HHS Region 1,2020-02-15,3,2020-03-07,4.212044958813827,0.45,ili perc,quantile
HHS Region 1,2020-02-15,3,2020-03-07,4.316709432357239,0.5,ili perc,quantile
HHS Region 1,2020-02-15,3,2020-03-07,4.447161177888385,0.55,ili perc,quantile
HHS Region 1,2020-02-15,3,2020-03-07,4.493281534062236,0.6,ili perc,quantile
HHS Region 1,2020-02-15,3,2020-03-07,4.660197804877223,0.65,ili perc,quantile
HHS Region 1,2020-02-15,3,2020-03-07,4.717250684368741,0.7,ili perc,quantile
HHS Region 1,2020-02-15,3,2020-03-07,4.7532753505264225,0.75,ili perc,quantile
HHS Region 1,2020-02-15,3,2020-03-07,4.879894384892738,0.8,ili perc,quantile
HHS Region 1,2020-02-15,3,2020-03-07,5.066763034071537,0.85,ili perc,quantile
HHS Region 1,2020-02-15,3,2020-03-07,5.218553118647482,0.9,ili perc,quantile
HHS Region 1,2020-02-15,3,2020-03-07,5.76832572877893,0.95,ili perc,quantile
HHS Region 1,2020-02-15,3,2020-03-07,5.987799276762549,0.975,ili perc,quantile
HHS Region 1,2020-02-15,3,2020-03-07,6.079850243058543,0.99,ili perc,quantile
HHS Region 1,2020-02-15,4,2020-03-14,1.788361472306547,0.01,ili perc,quantile
HHS Region 1,2020-02-15,4,2020-03-14,2.2886383210115855,0.025,ili perc,quantile
HHS Region 1,2020-02-15,4,2020-03-14,2.3889665061779937,0.05,ili perc,quantile
HHS Region 1,2020-02-15,4,2020-03-14,2.595532728421908,0.1,ili perc,quantile
HHS Region 1,2020-02-15,4,2020-03-14,2.764647692696048,0.15,ili perc,quantile
HHS Region 1,2020-02-15,4,2020-03-14,2.9237434221167358,0.2,ili perc,quantile
HHS Region 1,2020-02-15,4,2020-03-14,3.1316583009095975,0.25,ili perc,quantile
HHS Region 1,2020-02-15,4,2020-03-14,3.2352220755518553,0.3,ili perc,quantile
HHS Region 1,2020-02-15,4,2020-03-14,3.3870385301128514,0.35,ili perc,quantile
HHS Region 1,2020-02-15,4,2020-03-14,3.522047495729475,0.4,ili perc,quantile
HHS Region 1,2020-02-15,4,2020-03-14,3.6489326188574087,0.45,ili perc,quantile
HHS Region 1,2020-02-15,4,2020-03-14,3.76317867695265,0.5,ili perc,quantile
HHS Region 1,2020-02-15,4,2020-03-14,3.8523569823516906,0.55,ili perc,quantile
HHS Region 1,2020-02-15,4,2020-03-14,3.948789164524784,0.6,ili perc,quantile
HHS Region 1,2020-02-15,4,2020-03-14,4.016981786498483,0.65,ili perc,quantile
HHS Region 1,2020-02-15,4,2020-03-14,4.128265390478919,0.7,ili perc,quantile
HHS Region 1,2020-02-15,4,2020-03-14,4.316395233639131,0.75,ili perc,quantile
HHS Region 1,2020-02-15,4,2020-03-14,4.372120951734434,0.8,ili perc,quantile
HHS Region 1,2020-02-15,4,2020-03-14,4.504307754872827,0.85,ili perc,quantile
HHS Region 1,2020-02-15,4,2020-03-14,4.8000745214563,0.9,ili perc,quantile
HHS Region 1,2020-02-15,4,2020-03-14,5.048387822491787,0.95,ili perc,quantile
HHS Region 1,2020-02-15,4,2020-03-14,5.84104201897771,0.975,ili perc,quantile
HHS Region 1,2020-02-15,4,2020-03-14,6.636392812840033,0.99,ili perc,quantile
HHS Region 10,2020-02-15,1,2020-02-22,1.664085631869813,0.01,ili perc,quantile
HHS Region 10,2020-02-15,1,2020-02-22,2.1338389975519254,0.025,ili perc,quantile
HHS Region 10,2020-02-15,1,2020-02-22,2.3237194144163698,0.05,ili perc,quantile
HHS Region 10,2020-02-15,1,2020-02-22,2.4772516187915454,0.1,ili perc,quantile
HHS Region 10,2020-02-15,1,2020-02-22,2.627361491688339,0.15,ili perc,quantile
HHS Region 10,2020-02-15,1,2020-02-22,2.666252220781542,0.2,ili perc,quantile
HHS Region 10,2020-02-15,1,2020-02-22,2.7537008603730997,0.25,ili perc,quantile
HHS Region 10,2020-02-15,1,2020-02-22,2.8535088761595,0.3,ili perc,quantile
HHS Region 10,2020-02-15,1,2020-02-22,2.9356322670900967,0.35,ili perc,quantile
HHS Region 10,2020-02-15,1,2020-02-22,3.00376506043977,0.4,ili perc,quantile
HHS Region 10,2020-02-15,1,2020-02-22,3.0651685868005876,0.45,ili perc,quantile
HHS Region 10,2020-02-15,1,2020-02-22,3.0926525415976087,0.5,ili perc,quantile
HHS Region 10,2020-02-15,1,2020-02-22,3.1218389714147294,0.55,ili perc,quantile
HHS Region 10,2020-02-15,1,2020-02-22,3.2066339182949175,0.6,ili perc,quantile
HHS Region 10,2020-02-15,1,2020-02-22,3.3054356754185226,0.65,ili perc,quantile
HHS Region 10,2020-02-15,1,2020-02-22,3.34463338984267,0.7,ili perc,quantile
HHS Region 10,2020-02-15,1,2020-02-22,3.3975325463548134,0.75,ili perc,quantile
HHS Region 10,2020-02-15,1,2020-02-22,3.464302432928023,0.8,ili perc,quantile
HHS Region 10,2020-02-15,1,2020-02-22,3.539252633158559,0.85,ili perc,quantile
HHS Region 10,2020-02-15,1,2020-02-22,4.003563638464326,0.9,ili perc,quantile
HHS Region 10,2020-02-15,1,2020-02-22,4.542575837765419,0.95,ili perc,quantile
HHS Region 10,2020-02-15,1,2020-02-22,4.7475839210149555,0.975,ili perc,quantile
HHS Region 10,2020-02-15,1,2020-02-22,5.035145128901809,0.99,ili perc,quantile
HHS Region 10,2020-02-15,2,2020-02-29,1.566467258255204,0.01,ili perc,quantile
HHS Region 10,2020-02-15,2,2020-02-29,1.6831454932724743,0.025,ili perc,quantile
HHS Region 10,2020-02-15,2,2020-02-29,1.9238374387714388,0.05,ili perc,quantile
HHS Region 10,2020-02-15,2,2020-02-29,1.9887004088778517,0.1,ili perc,quantile
HHS Region 10,2020-02-15,2,2020-02-29,2.20410031171948,0.15,ili perc,quantile
HHS Region 10,2020-02-15,2,2020-02-29,2.2380266189498905,0.2,ili perc,quantile
HHS Region 10,2020-02-15,2,2020-02-29,2.280439903892205,0.25,ili perc,quantile
HHS Region 10,2020-02-15,2,2020-02-29,2.344376767772243,0.3,ili perc,quantile
HHS Region 10,2020-02-15,2,2020-02-29,2.450409698049564,0.35,ili perc,quantile
HHS Region 10,2020-02-15,2,2020-02-29,2.5285813679062716,0.4,ili perc,quantile
HHS Region 10,2020-02-15,2,2020-02-29,2.57844865133993,0.45,ili perc,quantile
HHS Region 10,2020-02-15,2,2020-02-29,2.6667472457452495,0.5,ili perc,quantile
HHS Region 10,2020-02-15,2,2020-02-29,2.748135500694816,0.55,ili perc,quantile
HHS Region 10,2020-02-15,2,2020-02-29,2.877962292972703,0.6,ili perc,quantile
HHS Region 10,2020-02-15,2,2020-02-29,2.949666960724836,0.65,ili perc,quantile
HHS Region 10,2020-02-15,2,2020-02-29,3.0604433317255317,0.7,ili perc,quantile
HHS Region 10,2020-02-15,2,2020-02-29,3.2371405266028392,0.75,ili perc,quantile
HHS Region 10,2020-02-15,2,2020-02-29,3.3841973877408913,0.8,ili perc,quantile
HHS Region 10,2020-02-15,2,2020-02-29,3.6196131116174564,0.85,ili perc,quantile
HHS Region 10,2020-02-15,2,2020-02-29,3.7380656118347018,0.9,ili perc,quantile
HHS Region 10,2020-02-15,2,2020-02-29,3.878168562414925,0.95,ili perc,quantile
HHS Region 10,2020-02-15,2,2020-02-29,4.189738856388906,0.975,ili perc,quantile
HHS Region 10,2020-02-15,2,2020-02-29,4.630394789705651,0.99,ili perc,quantile
HHS Region 10,2020-02-15,3,2020-03-07,0.868448833338381,0.01,ili perc,quantile
HHS Region 10,2020-02-15,3,2020-03-07,1.3356970208629086,0.025,ili perc,quantile
HHS Region 10,2020-02-15,3,2020-03-07,1.456735933943068,0.05,ili perc,quantile
HHS Region 10,2020-02-15,3,2020-03-07,1.5519910838124222,0.1,ili perc,quantile
HHS Region 10,2020-02-15,3,2020-03-07,1.6523558357538084,0.15,ili perc,quantile
HHS Region 10,2020-02-15,3,2020-03-07,1.7967063674198456,0.2,ili perc,quantile
HHS Region 10,2020-02-15,3,2020-03-07,1.8735468475892585,0.25,ili perc,quantile
HHS Region 10,2020-02-15,3,2020-03-07,1.9822579198887293,0.3,ili perc,quantile
HHS Region 10,2020-02-15,3,2020-03-07,2.0850317485502297,0.35,ili perc,quantile
HHS Region 10,2020-02-15,3,2020-03-07,2.3185075132953217,0.4,ili perc,quantile
HHS Region 10,2020-02-15,3,2020-03-07,2.395647561139939,0.45,ili perc,quantile
HHS Region 10,2020-02-15,3,2020-03-07,2.4355162308116736,0.5,ili perc,quantile
HHS Region 10,2020-02-15,3,2020-03-07,2.5399740226231167,0.55,ili perc,quantile
HHS Region 10,2020-02-15,3,2020-03-07,2.685235249808686,0.6,ili perc,quantile
HHS Region 10,2020-02-15,3,2020-03-07,2.7707618360756943,0.65,ili perc,quantile
HHS Region 10,2020-02-15,3,2020-03-07,2.9211124450029406,0.7,ili perc,quantile
HHS Region 10,2020-02-15,3,2020-03-07,3.073150528656121,0.75,ili perc,quantile
HHS Region 10,2020-02-15,3,2020-03-07,3.1752307369705797,0.8,ili perc,quantile
HHS Region 10,2020-02-15,3,2020-03-07,3.4560438034837713,0.85,ili perc,quantile
HHS Region 10,2020-02-15,3,2020-03-07,3.821303884793575,0.9,ili perc,quantile
HHS Region 10,2020-02-15,3,2020-03-07,4.221538457853296,0.95,ili perc,quantile
HHS Region 10,2020-02-15,3,2020-03-07,4.57725139131213,0.975,ili perc,quantile
HHS Region 10,2020-02-15,3,2020-03-07,5.504637061312393,0.99,ili perc,quantile
HHS Region 10,2020-02-15,4,2020-03-14,0.504607464960078,0.01,ili perc,quantile
HHS Region 10,2020-02-15,4,2020-03-14,0.9217710908954799,0.025,ili perc,quantile
HHS Region 10,2020-02-15,4,2020-03-14,1.0466866145499294,0.05,ili perc,quantile
HHS Region 10,2020-02-15,4,2020-03-14,1.2392420023674793,0.1,ili perc,quantile
HHS Region 10,2020-02-15,4,2020-03-14,1.3893501955296192,0.15,ili perc,quantile
HHS Region 10,2020-02-15,4,2020-03-14,1.4862108607701252,0.2,ili perc,quantile
HHS Region 10,2020-02-15,4,2020-03-14,1.6072624724054527,0.25,ili perc,quantile
HHS Region 10,2020-02-15,4,2020-03-14,1.7085850929655098,0.3,ili perc,quantile
HHS Region 10,2020-02-15,4,2020-03-14,1.7882449703003749,0.35,ili perc,quantile
HHS Region 10,2020-02-15,4,2020-03-14,1.899221463615378,0.4,ili perc,quantile
HHS Region 10,2020-02-15,4,2020-03-14,1.9487262187998842,0.45,ili perc,quantile
HHS Region 10,2020-02-15,4,2020-03-14,2.0469599988100633,0.5,ili perc,quantile
HHS Region 10,2020-02-15,4,2020-03-14,2.1146127480310932,0.55,ili perc,quantile
HHS Region 10,2020-02-15,4,2020-03-14,2.3061914599165303,0.6,ili perc,quantile
HHS Region 10,2020-02-15,4,2020-03-14,2.421610619862525,0.65,ili perc,quantile
HHS Region 10,2020-02-15,4,2020-03-14,2.6166642875825863,0.7,ili perc,quantile
HHS Region 10,2020-02-15,4,2020-03-14,2.8677133697876753,0.75,ili perc,quantile
HHS Region 10,2020-02-15,4,2020-03-14,3.0740434434120303,0.8,ili perc,quantile
HHS Region 10,2020-02-15,4,2020-03-14,3.340552617934363,0.85,ili perc,quantile
HHS Region 10,2020-02-15,4,2020-03-14,3.8244259901418216,0.9,ili perc,quantile
HHS Region 10,2020-02-15,4,2020-03-14,4.321714640355896,0.95,ili perc,quantile
HHS Region 10,2020-02-15,4,2020-03-14,4.699244159892024,0.975,ili perc,quantile
HHS Region 10,2020-02-15,4,2020-03-14,6.02507113181442,0.99,ili perc,quantile
HHS Region 2,2020-02-15,1,2020-02-22,4.720949957907276,0.01,ili perc,quantile
HHS Region 2,2020-02-15,1,2020-02-22,5.164085553429439,0.025,ili perc,quantile
HHS Region 2,2020-02-15,1,2020-02-22,5.487582741584313,0.05,ili perc,quantile
HHS Region 2,2020-02-15,1,2020-02-22,5.586261682950511,0.1,ili perc,quantile
HHS Region 2,2020-02-15,1,2020-02-22,5.740640052750443,0.15,ili perc,quantile
HHS Region 2,2020-02-15,1,2020-02-22,5.885295892471859,0.2,ili perc,quantile
HHS Region 2,2020-02-15,1,2020-02-22,6.017507316419813,0.25,ili perc,quantile
HHS Region 2,2020-02-15,1,2020-02-22,6.114271730707698,0.3,ili perc,quantile
HHS Region 2,2020-02-15,1,2020-02-22,6.197643797942212,0.35,ili perc,quantile
HHS Region 2,2020-02-15,1,2020-02-22,6.2802866741587575,0.4,ili perc,quantile
HHS Region 2,2020-02-15,1,2020-02-22,6.347837293027266,0.45,ili perc,quantile
HHS Region 2,2020-02-15,1,2020-02-22,6.38861375321454,0.5,ili perc,quantile
HHS Region 2,2020-02-15,1,2020-02-22,6.454992809989146,0.55,ili perc,quantile
HHS Region 2,2020-02-15,1,2020-02-22,6.478287758327077,0.6,ili perc,quantile
HHS Region 2,2020-02-15,1,2020-02-22,6.606686696258006,0.65,ili perc,quantile
HHS Region 2,2020-02-15,1,2020-02-22,6.6847035652078235,0.7,ili perc,quantile
HHS Region 2,2020-02-15,1,2020-02-22,6.711440164647725,0.75,ili perc,quantile
HHS Region 2,2020-02-15,1,2020-02-22,6.8317272189063,0.8,ili perc,quantile
HHS Region 2,2020-02-15,1,2020-02-22,6.946935952315927,0.85,ili perc,quantile
HHS Region 2,2020-02-15,1,2020-02-22,7.057623645544436,0.9,ili perc,quantile
HHS Region 2,2020-02-15,1,2020-02-22,7.529159652000913,0.95,ili perc,quantile
HHS Region 2,2020-02-15,1,2020-02-22,8.01502565667151,0.975,ili perc,quantile
HHS Region 2,2020-02-15,1,2020-02-22,8.217332317346884,0.99,ili perc,quantile
HHS Region 2,2020-02-15,2,2020-02-29,3.5943120914019278,0.01,ili perc,quantile
HHS Region 2,2020-02-15,2,2020-02-29,4.121214029778766,0.025,ili perc,quantile
HHS Region 2,2020-02-15,2,2020-02-29,4.266320794272953,0.05,ili perc,quantile
HHS Region 2,2020-02-15,2,2020-02-29,4.778328721808419,0.1,ili perc,quantile
HHS Region 2,2020-02-15,2,2020-02-29,5.034417979039043,0.15,ili perc,quantile
HHS Region 2,2020-02-15,2,2020-02-29,5.252795927803431,0.2,ili perc,quantile
HHS Region 2,2020-02-15,2,2020-02-29,5.357901289861999,0.25,ili perc,quantile
HHS Region 2,2020-02-15,2,2020-02-29,5.408627631878048,0.3,ili perc,quantile
HHS Region 2,2020-02-15,2,2020-02-29,5.534898416120297,0.35,ili perc,quantile
HHS Region 2,2020-02-15,2,2020-02-29,5.632773270207225,0.4,ili perc,quantile
HHS Region 2,2020-02-15,2,2020-02-29,5.703834977473967,0.45,ili perc,quantile
HHS Region 2,2020-02-15,2,2020-02-29,5.811121241366913,0.5,ili perc,quantile
HHS Region 2,2020-02-15,2,2020-02-29,5.889656988361347,0.55,ili perc,quantile
HHS Region 2,2020-02-15,2,2020-02-29,5.972575316890235,0.6,ili perc,quantile
HHS Region 2,2020-02-15,2,2020-02-29,6.02461975254296,0.65,ili perc,quantile
HHS Region 2,2020-02-15,2,2020-02-29,6.1283875715114995,0.7,ili perc,quantile
HHS Region 2,2020-02-15,2,2020-02-29,6.316535005828862,0.75,ili perc,quantile
HHS Region 2,2020-02-15,2,2020-02-29,6.504214930638603,0.8,ili perc,quantile
HHS Region 2,2020-02-15,2,2020-02-29,6.727364794104767,0.85,ili perc,quantile
HHS Region 2,2020-02-15,2,2020-02-29,6.911499896199095,0.9,ili perc,quantile
HHS Region 2,2020-02-15,2,2020-02-29,7.520276454860955,0.95,ili perc,quantile
HHS Region 2,2020-02-15,2,2020-02-29,7.837488903994878,0.975,ili perc,quantile
HHS Region 2,2020-02-15,2,2020-02-29,8.426660099999893,0.99,ili perc,quantile
HHS Region 2,2020-02-15,3,2020-03-07,3.2803488508355683,0.01,ili perc,quantile
HHS Region 2,2020-02-15,3,2020-03-07,3.4514015011603685,0.025,ili perc,quantile
HHS Region 2,2020-02-15,3,2020-03-07,3.6681977029694233,0.05,ili perc,quantile
HHS Region 2,2020-02-15,3,2020-03-07,4.09131375444085,0.1,ili perc,quantile
HHS Region 2,2020-02-15,3,2020-03-07,4.4003584498896915,0.15,ili perc,quantile
HHS Region 2,2020-02-15,3,2020-03-07,4.4994824275566145,0.2,ili perc,quantile
HHS Region 2,2020-02-15,3,2020-03-07,4.642889363636484,0.25,ili perc,quantile
HHS Region 2,2020-02-15,3,2020-03-07,4.76753607730194,0.3,ili perc,quantile
HHS Region 2,2020-02-15,3,2020-03-07,4.91150766470646,0.35,ili perc,quantile
HHS Region 2,2020-02-15,3,2020-03-07,5.045615332137582,0.4,ili perc,quantile
HHS Region 2,2020-02-15,3,2020-03-07,5.14503473618683,0.45,ili perc,quantile
HHS Region 2,2020-02-15,3,2020-03-07,5.359443299697184,0.5,ili perc,quantile
HHS Region 2,2020-02-15,3,2020-03-07,5.50576794119608,0.55,ili perc,quantile
HHS Region 2,2020-02-15,3,2020-03-07,5.58604344240405,0.6,ili perc,quantile
HHS Region 2,2020-02-15,3,2020-03-07,5.72415413291058,0.65,ili perc,quantile
HHS Region 2,2020-02-15,3,2020-03-07,5.816621702791172,0.7,ili perc,quantile
HHS Region 2,2020-02-15,3,2020-03-07,6.023341542449318,0.75,ili perc,quantile
HHS Region 2,2020-02-15,3,2020-03-07,6.131223676635135,0.8,ili perc,quantile
HHS Region 2,2020-02-15,3,2020-03-07,6.316942786775539,0.85,ili perc,quantile
HHS Region 2,2020-02-15,3,2020-03-07,6.485241808037548,0.9,ili perc,quantile
HHS Region 2,2020-02-15,3,2020-03-07,6.759803518138146,0.95,ili perc,quantile
HHS Region 2,2020-02-15,3,2020-03-07,7.447088765606914,0.975,ili perc,quantile
HHS Region 2,2020-02-15,3,2020-03-07,7.765744768588644,0.99,ili perc,quantile
HHS Region 2,2020-02-15,4,2020-03-14,2.4410858626198815,0.01,ili perc,quantile
HHS Region 2,2020-02-15,4,2020-03-14,2.611899995060401,0.025,ili perc,quantile
HHS Region 2,2020-02-15,4,2020-03-14,3.00233056810509,0.05,ili perc,quantile
HHS Region 2,2020-02-15,4,2020-03-14,3.4590565609113115,0.1,ili perc,quantile
HHS Region 2,2020-02-15,4,2020-03-14,3.784582689540531,0.15,ili perc,quantile
HHS Region 2,2020-02-15,4,2020-03-14,3.9945769826561914,0.2,ili perc,quantile
HHS Region 2,2020-02-15,4,2020-03-14,4.169796437403226,0.25,ili perc,quantile
HHS Region 2,2020-02-15,4,2020-03-14,4.437739681173165,0.3,ili perc,quantile
HHS Region 2,2020-02-15,4,2020-03-14,4.528348002163269,0.35,ili perc,quantile
HHS Region 2,2020-02-15,4,2020-03-14,4.73387320020525,0.4,ili perc,quantile
HHS Region 2,2020-02-15,4,2020-03-14,4.80300045044803,0.45,ili perc,quantile
HHS Region 2,2020-02-15,4,2020-03-14,4.917525983187995,0.5,ili perc,quantile
HHS Region 2,2020-02-15,4,2020-03-14,5.023118383920831,0.55,ili perc,quantile
HHS Region 2,2020-02-15,4,2020-03-14,5.154581893120868,0.6,ili perc,quantile
HHS Region 2,2020-02-15,4,2020-03-14,5.292630718910749,0.65,ili perc,quantile
HHS Region 2,2020-02-15,4,2020-03-14,5.330869817102258,0.7,ili perc,quantile
HHS Region 2,2020-02-15,4,2020-03-14,5.553917562464662,0.75,ili perc,quantile
HHS Region 2,2020-02-15,4,2020-03-14,5.65091366186758,0.8,ili perc,quantile
HHS Region 2,2020-02-15,4,2020-03-14,5.752757925431542,0.85,ili perc,quantile
HHS Region 2,2020-02-15,4,2020-03-14,6.045846449158745,0.9,ili perc,quantile
HHS Region 2,2020-02-15,4,2020-03-14,6.630473141476982,0.95,ili perc,quantile
HHS Region 2,2020-02-15,4,2020-03-14,7.1402681426093535,0.975,ili perc,quantile
HHS Region 2,2020-02-15,4,2020-03-14,7.972968612287603,0.99,ili perc,quantile
HHS Region 3,2020-02-15,1,2020-02-22,3.9581310528929423,0.01,ili perc,quantile
HHS Region 3,2020-02-15,1,2020-02-22,4.259035909618078,0.025,ili perc,quantile
HHS Region 3,2020-02-15,1,2020-02-22,4.525676668974996,0.05,ili perc,quantile
HHS Region 3,2020-02-15,1,2020-02-22,4.642782379774439,0.1,ili perc,quantile
HHS Region 3,2020-02-15,1,2020-02-22,4.862595449172616,0.15,ili perc,quantile
HHS Region 3,2020-02-15,1,2020-02-22,4.909788220183215,0.2,ili perc,quantile
HHS Region 3,2020-02-15,1,2020-02-22,4.958533730131516,0.25,ili perc,quantile
HHS Region 3,2020-02-15,1,2020-02-22,5.021792965763614,0.3,ili perc,quantile
HHS Region 3,2020-02-15,1,2020-02-22,5.102971446930198,0.35,ili perc,quantile
HHS Region 3,2020-02-15,1,2020-02-22,5.144933039784831,0.4,ili perc,quantile
HHS Region 3,2020-02-15,1,2020-02-22,5.185687389944707,0.45,ili perc,quantile
HHS Region 3,2020-02-15,1,2020-02-22,5.240148019794294,0.5,ili perc,quantile
HHS Region 3,2020-02-15,1,2020-02-22,5.27168975483506,0.55,ili perc,quantile
HHS Region 3,2020-02-15,1,2020-02-22,5.313097281899624,0.6,ili perc,quantile
HHS Region 3,2020-02-15,1,2020-02-22,5.4013238625356514,0.65,ili perc,quantile
HHS Region 3,2020-02-15,1,2020-02-22,5.516364535509354,0.7,ili perc,quantile
HHS Region 3,2020-02-15,1,2020-02-22,5.628006860812526,0.75,ili perc,quantile
HHS Region 3,2020-02-15,1,2020-02-22,5.7318567411942745,0.8,ili perc,quantile
HHS Region 3,2020-02-15,1,2020-02-22,5.766696095721895,0.85,ili perc,quantile
HHS Region 3,2020-02-15,1,2020-02-22,5.927534906975713,0.9,ili perc,quantile
HHS Region 3,2020-02-15,1,2020-02-22,6.048436368296322,0.95,ili perc,quantile
HHS Region 3,2020-02-15,1,2020-02-22,6.392484575074503,0.975,ili perc,quantile
HHS Region 3,2020-02-15,1,2020-02-22,6.66376186937831,0.99,ili perc,quantile
HHS Region 3,2020-02-15,2,2020-02-29,3.3597130111206175,0.01,ili perc,quantile
HHS Region 3,2020-02-15,2,2020-02-29,3.477382044120369,0.025,ili perc,quantile
HHS Region 3,2020-02-15,2,2020-02-29,3.5821627906447944,0.05,ili perc,quantile
HHS Region 3,2020-02-15,2,2020-02-29,3.783571394283353,0.1,ili perc,quantile
HHS Region 3,2020-02-15,2,2020-02-29,3.943328930296452,0.15,ili perc,quantile
HHS Region 3,2020-02-15,2,2020-02-29,4.042281125004536,0.2,ili perc,quantile
HHS Region 3,2020-02-15,2,2020-02-29,4.141315955746152,0.25,ili perc,quantile
HHS Region 3,2020-02-15,2,2020-02-29,4.251651059858275,0.3,ili perc,quantile
HHS Region 3,2020-02-15,2,2020-02-29,4.345275105388334,0.35,ili perc,quantile
HHS Region 3,2020-02-15,2,2020-02-29,4.409582747918094,0.4,ili perc,quantile
HHS Region 3,2020-02-15,2,2020-02-29,4.513908598571384,0.45,ili perc,quantile
HHS Region 3,2020-02-15,2,2020-02-29,4.55367256712765,0.5,ili perc,quantile
HHS Region 3,2020-02-15,2,2020-02-29,4.602804684550233,0.55,ili perc,quantile
HHS Region 3,2020-02-15,2,2020-02-29,4.653207607023386,0.6,ili perc,quantile
HHS Region 3,2020-02-15,2,2020-02-29,4.7756481509982045,0.65,ili perc,quantile
HHS Region 3,2020-02-15,2,2020-02-29,4.937928920240939,0.7,ili perc,quantile
HHS Region 3,2020-02-15,2,2020-02-29,5.047527579898998,0.75,ili perc,quantile
HHS Region 3,2020-02-15,2,2020-02-29,5.122408442797738,0.8,ili perc,quantile
HHS Region 3,2020-02-15,2,2020-02-29,5.371507577745581,0.85,ili perc,quantile
HHS Region 3,2020-02-15,2,2020-02-29,5.6462577453531955,0.9,ili perc,quantile
HHS Region 3,2020-02-15,2,2020-02-29,6.130018883532006,0.95,ili perc,quantile
HHS Region 3,2020-02-15,2,2020-02-29,6.579085451769849,0.975,ili perc,quantile
HHS Region 3,2020-02-15,2,2020-02-29,7.039705376767855,0.99,ili perc,quantile
HHS Region 3,2020-02-15,3,2020-03-07,2.523468564660925,0.01,ili perc,quantile
HHS Region 3,2020-02-15,3,2020-03-07,2.6472974761393306,0.025,ili perc,quantile
HHS Region 3,2020-02-15,3,2020-03-07,2.8714006347005734,0.05,ili perc,quantile
HHS Region 3,2020-02-15,3,2020-03-07,3.1276193016977096,0.1,ili perc,quantile
HHS Region 3,2020-02-15,3,2020-03-07,3.2897635117408495,0.15,ili perc,quantile
HHS Region 3,2020-02-15,3,2020-03-07,3.3793480713012602,0.2,ili perc,quantile
HHS Region 3,2020-02-15,3,2020-03-07,3.438623141975174,0.25,ili perc,quantile
HHS Region 3,2020-02-15,3,2020-03-07,3.5076711536561334,0.3,ili perc,quantile
HHS Region 3,2020-02-15,3,2020-03-07,3.6239576828544497,0.35,ili perc,quantile
HHS Region 3,2020-02-15,3,2020-03-07,3.7174509817378296,0.4,ili perc,quantile
HHS Region 3,2020-02-15,3,2020-03-07,3.8256373173353397,0.45,ili perc,quantile
HHS Region 3,2020-02-15,3,2020-03-07,3.907892431870492,0.5,ili perc,quantile
HHS Region 3,2020-02-15,3,2020-03-07,4.081873984590471,0.55,ili perc,quantile
HHS Region 3,2020-02-15,3,2020-03-07,4.1550621129510255,0.6,ili perc,quantile
HHS Region 3,2020-02-15,3,2020-03-07,4.221224338583988,0.65,ili perc,quantile
HHS Region 3,2020-02-15,3,2020-03-07,4.385881251156137,0.7,ili perc,quantile
HHS Region 3,2020-02-15,3,2020-03-07,4.526662558428307,0.75,ili perc,quantile
HHS Region 3,2020-02-15,3,2020-03-07,4.63718049991392,0.8,ili perc,quantile
HHS Region 3,2020-02-15,3,2020-03-07,4.887247442329528,0.85,ili perc,quantile
HHS Region 3,2020-02-15,3,2020-03-07,5.154439552536386,0.9,ili perc,quantile
HHS Region 3,2020-02-15,3,2020-03-07,5.5164355714505655,0.95,ili perc,quantile
HHS Region 3,2020-02-15,3,2020-03-07,5.6774194678885666,0.975,ili perc,quantile
HHS Region 3,2020-02-15,3,2020-03-07,5.782052064838096,0.99,ili perc,quantile
HHS Region 3,2020-02-15,4,2020-03-14,1.8327525263596476,0.01,ili perc,quantile
HHS Region 3,2020-02-15,4,2020-03-14,2.022037747278434,0.025,ili perc,quantile
HHS Region 3,2020-02-15,4,2020-03-14,2.2223159257570275,0.05,ili perc,quantile
HHS Region 3,2020-02-15,4,2020-03-14,2.445243452871841,0.1,ili perc,quantile
HHS Region 3,2020-02-15,4,2020-03-14,2.5258562769632156,0.15,ili perc,quantile
HHS Region 3,2020-02-15,4,2020-03-14,2.723266038258272,0.2,ili perc,quantile
HHS Region 3,2020-02-15,4,2020-03-14,2.8797940596905813,0.25,ili perc,quantile
HHS Region 3,2020-02-15,4,2020-03-14,3.0108180338981025,0.3,ili perc,quantile
HHS Region 3,2020-02-15,4,2020-03-14,3.14138364729714,0.35,ili perc,quantile
HHS Region 3,2020-02-15,4,2020-03-14,3.1828288469968338,0.4,ili perc,quantile
HHS Region 3,2020-02-15,4,2020-03-14,3.3022378437261084,0.45,ili perc,quantile
HHS Region 3,2020-02-15,4,2020-03-14,3.4525107178667325,0.5,ili perc,quantile
HHS Region 3,2020-02-15,4,2020-03-14,3.5343070574282156,0.55,ili perc,quantile
HHS Region 3,2020-02-15,4,2020-03-14,3.6196244769589088,0.6,ili perc,quantile
HHS Region 3,2020-02-15,4,2020-03-14,3.738412038935768,0.65,ili perc,quantile
HHS Region 3,2020-02-15,4,2020-03-14,3.81880287768881,0.7,ili perc,quantile
HHS Region 3,2020-02-15,4,2020-03-14,4.005577330782558,0.75,ili perc,quantile
HHS Region 3,2020-02-15,4,2020-03-14,4.2386825577519485,0.8,ili perc,quantile
HHS Region 3,2020-02-15,4,2020-03-14,4.4006493712127694,0.85,ili perc,quantile
HHS Region 3,2020-02-15,4,2020-03-14,4.763372337872125,0.9,ili perc,quantile
HHS Region 3,2020-02-15,4,2020-03-14,5.366338165339919,0.95,ili perc,quantile
HHS Region 3,2020-02-15,4,2020-03-14,5.592733907346435,0.975,ili perc,quantile
HHS Region 3,2020-02-15,4,2020-03-14,6.049285026136918,0.99,ili perc,quantile
HHS Region 4,2020-02-15,1,2020-02-22,4.484191190289936,0.01,ili perc,quantile
HHS Region 4,2020-02-15,1,2020-02-22,4.60865343389985,0.025,ili perc,quantile
HHS Region 4,2020-02-15,1,2020-02-22,4.808530933120087,0.05,ili perc,quantile
HHS Region 4,2020-02-15,1,2020-02-22,4.98103854613473,0.1,ili perc,quantile
HHS Region 4,2020-02-15,1,2020-02-22,5.13184081261969,0.15,ili perc,quantile
HHS Region 4,2020-02-15,1,2020-02-22,5.2086053717394805,0.2,ili perc,quantile
HHS Region 4,2020-02-15,1,2020-02-22,5.355123946280985,0.25,ili perc,quantile
HHS Region 4,2020-02-15,1,2020-02-22,5.374925199861972,0.3,ili perc,quantile
HHS Region 4,2020-02-15,1,2020-02-22,5.436438861441941,0.35,ili perc,quantile
HHS Region 4,2020-02-15,1,2020-02-22,5.5020355283026925,0.4,ili perc,quantile
HHS Region 4,2020-02-15,1,2020-02-22,5.5325102335512,0.45,ili perc,quantile
HHS Region 4,2020-02-15,1,2020-02-22,5.554346531709282,0.5,ili perc,quantile
HHS Region 4,2020-02-15,1,2020-02-22,5.584717076520186,0.55,ili perc,quantile
HHS Region 4,2020-02-15,1,2020-02-22,5.646000661491043,0.6,ili perc,quantile
HHS Region 4,2020-02-15,1,2020-02-22,5.67295629252277,0.65,ili perc,quantile
HHS Region 4,2020-02-15,1,2020-02-22,5.7003717744039895,0.7,ili perc,quantile
HHS Region 4,2020-02-15,1,2020-02-22,5.728991040471106,0.75,ili perc,quantile
HHS Region 4,2020-02-15,1,2020-02-22,5.894136165530647,0.8,ili perc,quantile
HHS Region 4,2020-02-15,1,2020-02-22,6.1012475570599305,0.85,ili perc,quantile
HHS Region 4,2020-02-15,1,2020-02-22,6.265077546575164,0.9,ili perc,quantile
HHS Region 4,2020-02-15,1,2020-02-22,6.368507616827262,0.95,ili perc,quantile
HHS Region 4,2020-02-15,1,2020-02-22,6.908487546171368,0.975,ili perc,quantile
HHS Region 4,2020-02-15,1,2020-02-22,6.93973914877259,0.99,ili perc,quantile
HHS Region 4,2020-02-15,2,2020-02-29,3.315388940060486,0.01,ili perc,quantile
HHS Region 4,2020-02-15,2,2020-02-29,3.551189484082142,0.025,ili perc,quantile
HHS Region 4,2020-02-15,2,2020-02-29,3.6620107781859774,0.05,ili perc,quantile
HHS Region 4,2020-02-15,2,2020-02-29,3.7983565883709463,0.1,ili perc,quantile
HHS Region 4,2020-02-15,2,2020-02-29,4.078868396532108,0.15,ili perc,quantile
HHS Region 4,2020-02-15,2,2020-02-29,4.167965039051005,0.2,ili perc,quantile
HHS Region 4,2020-02-15,2,2020-02-29,4.272436053043479,0.25,ili perc,quantile
HHS Region 4,2020-02-15,2,2020-02-29,4.417499848317251,0.3,ili perc,quantile
HHS Region 4,2020-02-15,2,2020-02-29,4.470690204454118,0.35,ili perc,quantile
HHS Region 4,2020-02-15,2,2020-02-29,4.598182188901469,0.4,ili perc,quantile
HHS Region 4,2020-02-15,2,2020-02-29,4.643188185107514,0.45,ili perc,quantile
HHS Region 4,2020-02-15,2,2020-02-29,4.708284421230764,0.5,ili perc,quantile
HHS Region 4,2020-02-15,2,2020-02-29,4.852049801135331,0.55,ili perc,quantile
HHS Region 4,2020-02-15,2,2020-02-29,4.93140388178498,0.6,ili perc,quantile
HHS Region 4,2020-02-15,2,2020-02-29,5.035489790238924,0.65,ili perc,quantile
HHS Region 4,2020-02-15,2,2020-02-29,5.084065776045731,0.7,ili perc,quantile
HHS Region 4,2020-02-15,2,2020-02-29,5.151797104712803,0.75,ili perc,quantile
HHS Region 4,2020-02-15,2,2020-02-29,5.4447629154947235,0.8,ili perc,quantile
HHS Region 4,2020-02-15,2,2020-02-29,5.669253835985158,0.85,ili perc,quantile
HHS Region 4,2020-02-15,2,2020-02-29,5.767174531148797,0.9,ili perc,quantile
HHS Region 4,2020-02-15,2,2020-02-29,5.917958995221123,0.95,ili perc,quantile
HHS Region 4,2020-02-15,2,2020-02-29,6.080345870252303,0.975,ili perc,quantile
HHS Region 4,2020-02-15,2,2020-02-29,6.218838592017098,0.99,ili perc,quantile
HHS Region 4,2020-02-15,3,2020-03-07,2.283088220386156,0.01,ili perc,quantile
HHS Region 4,2020-02-15,3,2020-03-07,2.472722713255348,0.025,ili perc,quantile
HHS Region 4,2020-02-15,3,2020-03-07,2.7628103941782447,0.05,ili perc,quantile
HHS Region 4,2020-02-15,3,2020-03-07,3.018479798891895,0.1,ili perc,quantile
HHS Region 4,2020-02-15,3,2020-03-07,3.0766875833620326,0.15,ili perc,quantile
HHS Region 4,2020-02-15,3,2020-03-07,3.304168849925503,0.2,ili perc,quantile
HHS Region 4,2020-02-15,3,2020-03-07,3.463750182073903,0.25,ili perc,quantile
HHS Region 4,2020-02-15,3,2020-03-07,3.7650063871777135,0.3,ili perc,quantile
HHS Region 4,2020-02-15,3,2020-03-07,3.835125537551011,0.35,ili perc,quantile
HHS Region 4,2020-02-15,3,2020-03-07,3.917080690650699,0.4,ili perc,quantile
HHS Region 4,2020-02-15,3,2020-03-07,3.9937045260376003,0.45,ili perc,quantile
HHS Region 4,2020-02-15,3,2020-03-07,4.0835614942525895,0.5,ili perc,quantile
HHS Region 4,2020-02-15,3,2020-03-07,4.198609851556962,0.55,ili perc,quantile
HHS Region 4,2020-02-15,3,2020-03-07,4.262346835895076,0.6,ili perc,quantile
HHS Region 4,2020-02-15,3,2020-03-07,4.407911925544114,0.65,ili perc,quantile
HHS Region 4,2020-02-15,3,2020-03-07,4.472652113141939,0.7,ili perc,quantile
HHS Region 4,2020-02-15,3,2020-03-07,4.658623909310934,0.75,ili perc,quantile
HHS Region 4,2020-02-15,3,2020-03-07,4.78925456309402,0.8,ili perc,quantile
HHS Region 4,2020-02-15,3,2020-03-07,5.000796582914794,0.85,ili perc,quantile
HHS Region 4,2020-02-15,3,2020-03-07,5.16097010266561,0.9,ili perc,quantile
HHS Region 4,2020-02-15,3,2020-03-07,5.437460944537114,0.95,ili perc,quantile
HHS Region 4,2020-02-15,3,2020-03-07,5.787567041563188,0.975,ili perc,quantile
HHS Region 4,2020-02-15,3,2020-03-07,6.5324100651112875,0.99,ili perc,quantile
HHS Region 4,2020-02-15,4,2020-03-14,1.817899071989481,0.01,ili perc,quantile
HHS Region 4,2020-02-15,4,2020-03-14,2.160262220770761,0.025,ili perc,quantile
HHS Region 4,2020-02-15,4,2020-03-14,2.2120448139016418,0.05,ili perc,quantile
HHS Region 4,2020-02-15,4,2020-03-14,2.3019283146945666,0.1,ili perc,quantile
HHS Region 4,2020-02-15,4,2020-03-14,2.5276722264963563,0.15,ili perc,quantile
HHS Region 4,2020-02-15,4,2020-03-14,2.7484325984863074,0.2,ili perc,quantile
HHS Region 4,2020-02-15,4,2020-03-14,2.844317442163918,0.25,ili perc,quantile
HHS Region 4,2020-02-15,4,2020-03-14,3.0852652193033077,0.3,ili perc,quantile
HHS Region 4,2020-02-15,4,2020-03-14,3.233807257701365,0.35,ili perc,quantile
HHS Region 4,2020-02-15,4,2020-03-14,3.377147282758536,0.4,ili perc,quantile
HHS Region 4,2020-02-15,4,2020-03-14,3.501846833379733,0.45,ili perc,quantile
HHS Region 4,2020-02-15,4,2020-03-14,3.6524860040228795,0.5,ili perc,quantile
HHS Region 4,2020-02-15,4,2020-03-14,3.7350831408483804,0.55,ili perc,quantile
HHS Region 4,2020-02-15,4,2020-03-14,3.8312459882617538,0.6,ili perc,quantile
HHS Region 4,2020-02-15,4,2020-03-14,3.9401895163935308,0.65,ili perc,quantile
HHS Region 4,2020-02-15,4,2020-03-14,4.1695144916711895,0.7,ili perc,quantile
HHS Region 4,2020-02-15,4,2020-03-14,4.291601511549631,0.75,ili perc,quantile
HHS Region 4,2020-02-15,4,2020-03-14,4.449664950974836,0.8,ili perc,quantile
HHS Region 4,2020-02-15,4,2020-03-14,4.569697380160757,0.85,ili perc,quantile
HHS Region 4,2020-02-15,4,2020-03-14,4.897460758166837,0.9,ili perc,quantile
HHS Region 4,2020-02-15,4,2020-03-14,5.581569609489417,0.95,ili perc,quantile
HHS Region 4,2020-02-15,4,2020-03-14,5.7709956609761495,0.975,ili perc,quantile
HHS Region 4,2020-02-15,4,2020-03-14,6.0267869583684925,0.99,ili perc,quantile
HHS Region 5,2020-02-15,1,2020-02-22,3.6770119943131574,0.01,ili perc,quantile
HHS Region 5,2020-02-15,1,2020-02-22,3.770818709854952,0.025,ili perc,quantile
HHS Region 5,2020-02-15,1,2020-02-22,3.9014819792742665,0.05,ili perc,quantile
HHS Region 5,2020-02-15,1,2020-02-22,4.2127787309864875,0.1,ili perc,quantile
HHS Region 5,2020-02-15,1,2020-02-22,4.388182907908237,0.15,ili perc,quantile
HHS Region 5,2020-02-15,1,2020-02-22,4.411154041835621,0.2,ili perc,quantile
HHS Region 5,2020-02-15,1,2020-02-22,4.446068921406381,0.25,ili perc,quantile
HHS Region 5,2020-02-15,1,2020-02-22,4.510387363448066,0.3,ili perc,quantile
HHS Region 5,2020-02-15,1,2020-02-22,4.561123227160136,0.35,ili perc,quantile
HHS Region 5,2020-02-15,1,2020-02-22,4.61887186150904,0.4,ili perc,quantile
HHS Region 5,2020-02-15,1,2020-02-22,4.657031868462979,0.45,ili perc,quantile
HHS Region 5,2020-02-15,1,2020-02-22,4.688064649971143,0.5,ili perc,quantile
HHS Region 5,2020-02-15,1,2020-02-22,4.719792854109037,0.55,ili perc,quantile
HHS Region 5,2020-02-15,1,2020-02-22,4.745072584935136,0.6,ili perc,quantile
HHS Region 5,2020-02-15,1,2020-02-22,4.779728355490508,0.65,ili perc,quantile
HHS Region 5,2020-02-15,1,2020-02-22,4.877452641924311,0.7,ili perc,quantile
HHS Region 5,2020-02-15,1,2020-02-22,4.95984080918577,0.75,ili perc,quantile
HHS Region 5,2020-02-15,1,2020-02-22,5.042587022672622,0.8,ili perc,quantile
HHS Region 5,2020-02-15,1,2020-02-22,5.0792387568626385,0.85,ili perc,quantile
HHS Region 5,2020-02-15,1,2020-02-22,5.171326996624699,0.9,ili perc,quantile
HHS Region 5,2020-02-15,1,2020-02-22,5.242675753081298,0.95,ili perc,quantile
HHS Region 5,2020-02-15,1,2020-02-22,5.389814943303701,0.975,ili perc,quantile
HHS Region 5,2020-02-15,1,2020-02-22,5.589906747374696,0.99,ili perc,quantile
HHS Region 5,2020-02-15,2,2020-02-29,2.7782245252811166,0.01,ili perc,quantile
HHS Region 5,2020-02-15,2,2020-02-29,2.897053175003138,0.025,ili perc,quantile
HHS Region 5,2020-02-15,2,2020-02-29,3.0720915966466564,0.05,ili perc,quantile
HHS Region 5,2020-02-15,2,2020-02-29,3.3729768016907418,0.1,ili perc,quantile
HHS Region 5,2020-02-15,2,2020-02-29,3.488417644699041,0.15,ili perc,quantile
HHS Region 5,2020-02-15,2,2020-02-29,3.6534206331245875,0.2,ili perc,quantile
HHS Region 5,2020-02-15,2,2020-02-29,3.720601421463871,0.25,ili perc,quantile
HHS Region 5,2020-02-15,2,2020-02-29,3.820052254549157,0.3,ili perc,quantile
HHS Region 5,2020-02-15,2,2020-02-29,3.9116464356157357,0.35,ili perc,quantile
HHS Region 5,2020-02-15,2,2020-02-29,3.991943226060104,0.4,ili perc,quantile
HHS Region 5,2020-02-15,2,2020-02-29,4.052347296129496,0.45,ili perc,quantile
HHS Region 5,2020-02-15,2,2020-02-29,4.080138145884779,0.5,ili perc,quantile
HHS Region 5,2020-02-15,2,2020-02-29,4.132406565393141,0.55,ili perc,quantile
HHS Region 5,2020-02-15,2,2020-02-29,4.158010763015975,0.6,ili perc,quantile
HHS Region 5,2020-02-15,2,2020-02-29,4.341131837866388,0.65,ili perc,quantile
HHS Region 5,2020-02-15,2,2020-02-29,4.374799394605584,0.7,ili perc,quantile
HHS Region 5,2020-02-15,2,2020-02-29,4.4691373927121605,0.75,ili perc,quantile
HHS Region 5,2020-02-15,2,2020-02-29,4.5640534665786285,0.8,ili perc,quantile
HHS Region 5,2020-02-15,2,2020-02-29,4.664558152805076,0.85,ili perc,quantile
HHS Region 5,2020-02-15,2,2020-02-29,4.833603055765558,0.9,ili perc,quantile
HHS Region 5,2020-02-15,2,2020-02-29,5.173298577945856,0.95,ili perc,quantile
HHS Region 5,2020-02-15,2,2020-02-29,5.393791328599729,0.975,ili perc,quantile
HHS Region 5,2020-02-15,2,2020-02-29,5.446148453063207,0.99,ili perc,quantile
HHS Region 5,2020-02-15,3,2020-03-07,2.273053555904495,0.01,ili perc,quantile
HHS Region 5,2020-02-15,3,2020-03-07,2.2973773936598683,0.025,ili perc,quantile
HHS Region 5,2020-02-15,3,2020-03-07,2.3729034540747174,0.05,ili perc,quantile
HHS Region 5,2020-02-15,3,2020-03-07,2.6130281950003615,0.1,ili perc,quantile
HHS Region 5,2020-02-15,3,2020-03-07,2.902905631144138,0.15,ili perc,quantile
HHS Region 5,2020-02-15,3,2020-03-07,3.022898691768806,0.2,ili perc,quantile
HHS Region 5,2020-02-15,3,2020-03-07,3.102031248049722,0.25,ili perc,quantile
HHS Region 5,2020-02-15,3,2020-03-07,3.1949088841955073,0.3,ili perc,quantile
HHS Region 5,2020-02-15,3,2020-03-07,3.336866963773315,0.35,ili perc,quantile
HHS Region 5,2020-02-15,3,2020-03-07,3.4335252108979977,0.4,ili perc,quantile
HHS Region 5,2020-02-15,3,2020-03-07,3.5822639290366673,0.45,ili perc,quantile
HHS Region 5,2020-02-15,3,2020-03-07,3.644518886018963,0.5,ili perc,quantile
HHS Region 5,2020-02-15,3,2020-03-07,3.7182252541675775,0.55,ili perc,quantile
HHS Region 5,2020-02-15,3,2020-03-07,3.7904110045623636,0.6,ili perc,quantile
HHS Region 5,2020-02-15,3,2020-03-07,3.8784052377995004,0.65,ili perc,quantile
HHS Region 5,2020-02-15,3,2020-03-07,3.9214512214440007,0.7,ili perc,quantile
HHS Region 5,2020-02-15,3,2020-03-07,4.024916343985654,0.75,ili perc,quantile
HHS Region 5,2020-02-15,3,2020-03-07,4.128909025099426,0.8,ili perc,quantile
HHS Region 5,2020-02-15,3,2020-03-07,4.267268736476697,0.85,ili perc,quantile
HHS Region 5,2020-02-15,3,2020-03-07,4.4791234623794844,0.9,ili perc,quantile
HHS Region 5,2020-02-15,3,2020-03-07,5.268451816579089,0.95,ili perc,quantile
HHS Region 5,2020-02-15,3,2020-03-07,5.377441689885449,0.975,ili perc,quantile
HHS Region 5,2020-02-15,3,2020-03-07,5.487801471475049,0.99,ili perc,quantile
HHS Region 5,2020-02-15,4,2020-03-14,1.5530117696206829,0.01,ili perc,quantile
HHS Region 5,2020-02-15,4,2020-03-14,1.7410432309557293,0.025,ili perc,quantile
HHS Region 5,2020-02-15,4,2020-03-14,1.9486242498915238,0.05,ili perc,quantile
HHS Region 5,2020-02-15,4,2020-03-14,2.209812490298367,0.1,ili perc,quantile
HHS Region 5,2020-02-15,4,2020-03-14,2.4037126274296905,0.15,ili perc,quantile
HHS Region 5,2020-02-15,4,2020-03-14,2.4971758049080757,0.2,ili perc,quantile
HHS Region 5,2020-02-15,4,2020-03-14,2.658718104013772,0.25,ili perc,quantile
HHS Region 5,2020-02-15,4,2020-03-14,2.8190004585285675,0.3,ili perc,quantile
HHS Region 5,2020-02-15,4,2020-03-14,2.927226147200131,0.35,ili perc,quantile
HHS Region 5,2020-02-15,4,2020-03-14,3.0037655181872713,0.4,ili perc,quantile
HHS Region 5,2020-02-15,4,2020-03-14,3.05045365352579,0.45,ili perc,quantile
HHS Region 5,2020-02-15,4,2020-03-14,3.124908529978876,0.5,ili perc,quantile
HHS Region 5,2020-02-15,4,2020-03-14,3.240016062559891,0.55,ili perc,quantile
HHS Region 5,2020-02-15,4,2020-03-14,3.2732939508562957,0.6,ili perc,quantile
HHS Region 5,2020-02-15,4,2020-03-14,3.410659847199522,0.65,ili perc,quantile
HHS Region 5,2020-02-15,4,2020-03-14,3.543767591352069,0.7,ili perc,quantile
HHS Region 5,2020-02-15,4,2020-03-14,3.6458345375802295,0.75,ili perc,quantile
HHS Region 5,2020-02-15,4,2020-03-14,3.8575864239023105,0.8,ili perc,quantile
HHS Region 5,2020-02-15,4,2020-03-14,4.202425500182794,0.85,ili perc,quantile
HHS Region 5,2020-02-15,4,2020-03-14,4.382000213219383,0.9,ili perc,quantile
HHS Region 5,2020-02-15,4,2020-03-14,4.872581034093683,0.95,ili perc,quantile
HHS Region 5,2020-02-15,4,2020-03-14,5.0525270866779115,0.975,ili perc,quantile
HHS Region 5,2020-02-15,4,2020-03-14,5.1253347506935,0.99,ili perc,quantile
HHS Region 6,2020-02-15,1,2020-02-22,7.025066244225283,0.01,ili perc,quantile
HHS Region 6,2020-02-15,1,2020-02-22,7.144560447050166,0.025,ili perc,quantile
HHS Region 6,2020-02-15,1,2020-02-22,7.394669306111824,0.05,ili perc,quantile
HHS Region 6,2020-02-15,1,2020-02-22,7.761333760567294,0.1,ili perc,quantile
HHS Region 6,2020-02-15,1,2020-02-22,7.938273175668782,0.15,ili perc,quantile
HHS Region 6,2020-02-15,1,2020-02-22,8.070368448083135,0.2,ili perc,quantile
HHS Region 6,2020-02-15,1,2020-02-22,8.204048679948503,0.25,ili perc,quantile
HHS Region 6,2020-02-15,1,2020-02-22,8.256096164124576,0.3,ili perc,quantile
HHS Region 6,2020-02-15,1,2020-02-22,8.420162107746277,0.35,ili perc,quantile
HHS Region 6,2020-02-15,1,2020-02-22,8.49069345079519,0.4,ili perc,quantile
HHS Region 6,2020-02-15,1,2020-02-22,8.584835719859333,0.45,ili perc,quantile
HHS Region 6,2020-02-15,1,2020-02-22,8.663371427611176,0.5,ili perc,quantile
HHS Region 6,2020-02-15,1,2020-02-22,8.735357174889295,0.55,ili perc,quantile
HHS Region 6,2020-02-15,1,2020-02-22,8.847325189791986,0.6,ili perc,quantile
HHS Region 6,2020-02-15,1,2020-02-22,8.91258729353773,0.65,ili perc,quantile
HHS Region 6,2020-02-15,1,2020-02-22,9.088268057604187,0.7,ili perc,quantile
HHS Region 6,2020-02-15,1,2020-02-22,9.18051482664204,0.75,ili perc,quantile
HHS Region 6,2020-02-15,1,2020-02-22,9.273463654947863,0.8,ili perc,quantile
HHS Region 6,2020-02-15,1,2020-02-22,9.599576179440742,0.85,ili perc,quantile
HHS Region 6,2020-02-15,1,2020-02-22,10.254611743174825,0.9,ili perc,quantile
HHS Region 6,2020-02-15,1,2020-02-22,10.711378907096957,0.95,ili perc,quantile
HHS Region 6,2020-02-15,1,2020-02-22,10.904484728956675,0.975,ili perc,quantile
HHS Region 6,2020-02-15,1,2020-02-22,11.03645854948971,0.99,ili perc,quantile
HHS Region 6,2020-02-15,2,2020-02-29,5.698765802831615,0.01,ili perc,quantile
HHS Region 6,2020-02-15,2,2020-02-29,5.712612200734827,0.025,ili perc,quantile
HHS Region 6,2020-02-15,2,2020-02-29,5.84261847459216,0.05,ili perc,quantile
HHS Region 6,2020-02-15,2,2020-02-29,6.215276987181015,0.1,ili perc,quantile
HHS Region 6,2020-02-15,2,2020-02-29,6.405085512230704,0.15,ili perc,quantile
HHS Region 6,2020-02-15,2,2020-02-29,6.661182297557629,0.2,ili perc,quantile
HHS Region 6,2020-02-15,2,2020-02-29,6.872171938354082,0.25,ili perc,quantile
HHS Region 6,2020-02-15,2,2020-02-29,7.080941610171168,0.3,ili perc,quantile
HHS Region 6,2020-02-15,2,2020-02-29,7.254988088047202,0.35,ili perc,quantile
HHS Region 6,2020-02-15,2,2020-02-29,7.317292833670603,0.4,ili perc,quantile
HHS Region 6,2020-02-15,2,2020-02-29,7.485730983288204,0.45,ili perc,quantile
HHS Region 6,2020-02-15,2,2020-02-29,7.639332877342608,0.5,ili perc,quantile
HHS Region 6,2020-02-15,2,2020-02-29,7.7865515512520895,0.55,ili perc,quantile
HHS Region 6,2020-02-15,2,2020-02-29,7.955312746030307,0.6,ili perc,quantile
HHS Region 6,2020-02-15,2,2020-02-29,8.169107607441926,0.65,ili perc,quantile
HHS Region 6,2020-02-15,2,2020-02-29,8.403919985341762,0.7,ili perc,quantile
HHS Region 6,2020-02-15,2,2020-02-29,8.609580775075894,0.75,ili perc,quantile
HHS Region 6,2020-02-15,2,2020-02-29,8.830779270857128,0.8,ili perc,quantile
HHS Region 6,2020-02-15,2,2020-02-29,8.99612452856487,0.85,ili perc,quantile
HHS Region 6,2020-02-15,2,2020-02-29,9.583050834718877,0.9,ili perc,quantile
HHS Region 6,2020-02-15,2,2020-02-29,9.927359551469769,0.95,ili perc,quantile
HHS Region 6,2020-02-15,2,2020-02-29,10.384981352725866,0.975,ili perc,quantile
HHS Region 6,2020-02-15,2,2020-02-29,10.752030421365529,0.99,ili perc,quantile
HHS Region 6,2020-02-15,3,2020-03-07,3.916241155341161,0.01,ili perc,quantile
HHS Region 6,2020-02-15,3,2020-03-07,4.259624045727248,0.025,ili perc,quantile
HHS Region 6,2020-02-15,3,2020-03-07,4.722548950853044,0.05,ili perc,quantile
HHS Region 6,2020-02-15,3,2020-03-07,5.007624240922146,0.1,ili perc,quantile
HHS Region 6,2020-02-15,3,2020-03-07,5.2013620122826145,0.15,ili perc,quantile
HHS Region 6,2020-02-15,3,2020-03-07,5.49900765570619,0.2,ili perc,quantile
HHS Region 6,2020-02-15,3,2020-03-07,5.692284988821931,0.25,ili perc,quantile
HHS Region 6,2020-02-15,3,2020-03-07,5.892701439258028,0.3,ili perc,quantile
HHS Region 6,2020-02-15,3,2020-03-07,6.046560685678833,0.35,ili perc,quantile
HHS Region 6,2020-02-15,3,2020-03-07,6.257357968183249,0.4,ili perc,quantile
HHS Region 6,2020-02-15,3,2020-03-07,6.395926339746231,0.45,ili perc,quantile
HHS Region 6,2020-02-15,3,2020-03-07,6.636146104954942,0.5,ili perc,quantile
HHS Region 6,2020-02-15,3,2020-03-07,6.905996967788342,0.55,ili perc,quantile
HHS Region 6,2020-02-15,3,2020-03-07,7.135272509467088,0.6,ili perc,quantile
HHS Region 6,2020-02-15,3,2020-03-07,7.301833206288545,0.65,ili perc,quantile
HHS Region 6,2020-02-15,3,2020-03-07,7.637669174833788,0.7,ili perc,quantile
HHS Region 6,2020-02-15,3,2020-03-07,7.779746987088666,0.75,ili perc,quantile
HHS Region 6,2020-02-15,3,2020-03-07,8.083425393714018,0.8,ili perc,quantile
HHS Region 6,2020-02-15,3,2020-03-07,8.491669995797308,0.85,ili perc,quantile
HHS Region 6,2020-02-15,3,2020-03-07,8.847253554370264,0.9,ili perc,quantile
HHS Region 6,2020-02-15,3,2020-03-07,9.777190959052467,0.95,ili perc,quantile
HHS Region 6,2020-02-15,3,2020-03-07,10.407112961468364,0.975,ili perc,quantile
HHS Region 6,2020-02-15,3,2020-03-07,11.191774875097892,0.99,ili perc,quantile
HHS Region 6,2020-02-15,4,2020-03-14,2.8215772354598974,0.01,ili perc,quantile
HHS Region 6,2020-02-15,4,2020-03-14,2.946668919642719,0.025,ili perc,quantile
HHS Region 6,2020-02-15,4,2020-03-14,3.316638066499327,0.05,ili perc,quantile
HHS Region 6,2020-02-15,4,2020-03-14,3.9545517336616776,0.1,ili perc,quantile
HHS Region 6,2020-02-15,4,2020-03-14,4.347107294571515,0.15,ili perc,quantile
HHS Region 6,2020-02-15,4,2020-03-14,4.768586206047161,0.2,ili perc,quantile
HHS Region 6,2020-02-15,4,2020-03-14,4.954690509070898,0.25,ili perc,quantile
HHS Region 6,2020-02-15,4,2020-03-14,5.221666310973018,0.3,ili perc,quantile
HHS Region 6,2020-02-15,4,2020-03-14,5.3367233263890865,0.35,ili perc,quantile
HHS Region 6,2020-02-15,4,2020-03-14,5.490282598651947,0.4,ili perc,quantile
HHS Region 6,2020-02-15,4,2020-03-14,5.7128315173399375,0.45,ili perc,quantile
HHS Region 6,2020-02-15,4,2020-03-14,5.998968986634272,0.5,ili perc,quantile
HHS Region 6,2020-02-15,4,2020-03-14,6.128560611807388,0.55,ili perc,quantile
HHS Region 6,2020-02-15,4,2020-03-14,6.402365413489539,0.6,ili perc,quantile
HHS Region 6,2020-02-15,4,2020-03-14,6.7775291324709865,0.65,ili perc,quantile
HHS Region 6,2020-02-15,4,2020-03-14,6.961807345524137,0.7,ili perc,quantile
HHS Region 6,2020-02-15,4,2020-03-14,7.390641844557404,0.75,ili perc,quantile
HHS Region 6,2020-02-15,4,2020-03-14,7.825306592755364,0.8,ili perc,quantile
HHS Region 6,2020-02-15,4,2020-03-14,8.24162107033073,0.85,ili perc,quantile
HHS Region 6,2020-02-15,4,2020-03-14,8.836303067313068,0.9,ili perc,quantile
HHS Region 6,2020-02-15,4,2020-03-14,9.859221690868491,0.95,ili perc,quantile
HHS Region 6,2020-02-15,4,2020-03-14,10.205482159030524,0.975,ili perc,quantile
HHS Region 6,2020-02-15,4,2020-03-14,10.49240664600363,0.99,ili perc,quantile
HHS Region 7,2020-02-15,1,2020-02-22,4.26130525716907,0.01,ili perc,quantile
HHS Region 7,2020-02-15,1,2020-02-22,4.485024019805579,0.025,ili perc,quantile
HHS Region 7,2020-02-15,1,2020-02-22,4.625299682579677,0.05,ili perc,quantile
HHS Region 7,2020-02-15,1,2020-02-22,4.930801961100181,0.1,ili perc,quantile
HHS Region 7,2020-02-15,1,2020-02-22,5.127039932498095,0.15,ili perc,quantile
HHS Region 7,2020-02-15,1,2020-02-22,5.188985235904916,0.2,ili perc,quantile
HHS Region 7,2020-02-15,1,2020-02-22,5.240423008786079,0.25,ili perc,quantile
HHS Region 7,2020-02-15,1,2020-02-22,5.300873404936471,0.3,ili perc,quantile
HHS Region 7,2020-02-15,1,2020-02-22,5.4081973027387775,0.35,ili perc,quantile
HHS Region 7,2020-02-15,1,2020-02-22,5.508458053909588,0.4,ili perc,quantile
HHS Region 7,2020-02-15,1,2020-02-22,5.572851180826869,0.45,ili perc,quantile
HHS Region 7,2020-02-15,1,2020-02-22,5.625104547719157,0.5,ili perc,quantile
HHS Region 7,2020-02-15,1,2020-02-22,5.668638114303181,0.55,ili perc,quantile
HHS Region 7,2020-02-15,1,2020-02-22,5.710811241769824,0.6,ili perc,quantile
HHS Region 7,2020-02-15,1,2020-02-22,5.810138585633198,0.65,ili perc,quantile
HHS Region 7,2020-02-15,1,2020-02-22,5.850363740068803,0.7,ili perc,quantile
HHS Region 7,2020-02-15,1,2020-02-22,5.947606057986915,0.75,ili perc,quantile
HHS Region 7,2020-02-15,1,2020-02-22,5.982053295610213,0.8,ili perc,quantile
HHS Region 7,2020-02-15,1,2020-02-22,6.045928597088169,0.85,ili perc,quantile
HHS Region 7,2020-02-15,1,2020-02-22,6.194152181159164,0.9,ili perc,quantile
HHS Region 7,2020-02-15,1,2020-02-22,6.660076229109805,0.95,ili perc,quantile
HHS Region 7,2020-02-15,1,2020-02-22,7.0665969654319,0.975,ili perc,quantile
HHS Region 7,2020-02-15,1,2020-02-22,7.37936749700954,0.99,ili perc,quantile
HHS Region 7,2020-02-15,2,2020-02-29,3.167228021761814,0.01,ili perc,quantile
HHS Region 7,2020-02-15,2,2020-02-29,3.232183832628144,0.025,ili perc,quantile
HHS Region 7,2020-02-15,2,2020-02-29,3.4184934216158718,0.05,ili perc,quantile
HHS Region 7,2020-02-15,2,2020-02-29,3.8229034322547752,0.1,ili perc,quantile
HHS Region 7,2020-02-15,2,2020-02-29,3.9129643959447993,0.15,ili perc,quantile
HHS Region 7,2020-02-15,2,2020-02-29,4.135194477259263,0.2,ili perc,quantile
HHS Region 7,2020-02-15,2,2020-02-29,4.226300735305373,0.25,ili perc,quantile
HHS Region 7,2020-02-15,2,2020-02-29,4.459849053179764,0.3,ili perc,quantile
HHS Region 7,2020-02-15,2,2020-02-29,4.599633161845512,0.35,ili perc,quantile
HHS Region 7,2020-02-15,2,2020-02-29,4.696391182219864,0.4,ili perc,quantile
HHS Region 7,2020-02-15,2,2020-02-29,4.7811354007064795,0.45,ili perc,quantile
HHS Region 7,2020-02-15,2,2020-02-29,4.842100105559997,0.5,ili perc,quantile
HHS Region 7,2020-02-15,2,2020-02-29,4.9289235396956554,0.55,ili perc,quantile
HHS Region 7,2020-02-15,2,2020-02-29,5.005786523903413,0.6,ili perc,quantile
HHS Region 7,2020-02-15,2,2020-02-29,5.107773906865666,0.65,ili perc,quantile
HHS Region 7,2020-02-15,2,2020-02-29,5.227087107898501,0.7,ili perc,quantile
HHS Region 7,2020-02-15,2,2020-02-29,5.326051109201107,0.75,ili perc,quantile
HHS Region 7,2020-02-15,2,2020-02-29,5.464745941629941,0.8,ili perc,quantile
HHS Region 7,2020-02-15,2,2020-02-29,5.6569991242365285,0.85,ili perc,quantile
HHS Region 7,2020-02-15,2,2020-02-29,5.8422446153147645,0.9,ili perc,quantile
HHS Region 7,2020-02-15,2,2020-02-29,6.135332417930496,0.95,ili perc,quantile
HHS Region 7,2020-02-15,2,2020-02-29,6.87230386724197,0.975,ili perc,quantile
HHS Region 7,2020-02-15,2,2020-02-29,8.428778880724565,0.99,ili perc,quantile
HHS Region 7,2020-02-15,3,2020-03-07,1.9785319256443248,0.01,ili perc,quantile
HHS Region 7,2020-02-15,3,2020-03-07,2.2530424951913615,0.025,ili perc,quantile
HHS Region 7,2020-02-15,3,2020-03-07,2.6752820374305335,0.05,ili perc,quantile
HHS Region 7,2020-02-15,3,2020-03-07,2.9394705800596044,0.1,ili perc,quantile
HHS Region 7,2020-02-15,3,2020-03-07,3.0633869997980154,0.15,ili perc,quantile
HHS Region 7,2020-02-15,3,2020-03-07,3.36352076310742,0.2,ili perc,quantile
HHS Region 7,2020-02-15,3,2020-03-07,3.524296166381528,0.25,ili perc,quantile
HHS Region 7,2020-02-15,3,2020-03-07,3.5859680103081666,0.3,ili perc,quantile
HHS Region 7,2020-02-15,3,2020-03-07,3.6520224227356177,0.35,ili perc,quantile
HHS Region 7,2020-02-15,3,2020-03-07,3.779045645268868,0.4,ili perc,quantile
HHS Region 7,2020-02-15,3,2020-03-07,3.979944248932172,0.45,ili perc,quantile
HHS Region 7,2020-02-15,3,2020-03-07,4.197721362215771,0.5,ili perc,quantile
HHS Region 7,2020-02-15,3,2020-03-07,4.236210512141195,0.55,ili perc,quantile
HHS Region 7,2020-02-15,3,2020-03-07,4.303478828710146,0.6,ili perc,quantile
HHS Region 7,2020-02-15,3,2020-03-07,4.449712793707513,0.65,ili perc,quantile
HHS Region 7,2020-02-15,3,2020-03-07,4.758282718859927,0.7,ili perc,quantile
HHS Region 7,2020-02-15,3,2020-03-07,4.909565241630856,0.75,ili perc,quantile
HHS Region 7,2020-02-15,3,2020-03-07,5.2516226442694105,0.8,ili perc,quantile
HHS Region 7,2020-02-15,3,2020-03-07,5.483508119152465,0.85,ili perc,quantile
HHS Region 7,2020-02-15,3,2020-03-07,5.89317699795445,0.9,ili perc,quantile
HHS Region 7,2020-02-15,3,2020-03-07,6.383744147407128,0.95,ili perc,quantile
HHS Region 7,2020-02-15,3,2020-03-07,6.976220306075766,0.975,ili perc,quantile
HHS Region 7,2020-02-15,3,2020-03-07,7.246988074319239,0.99,ili perc,quantile
HHS Region 7,2020-02-15,4,2020-03-14,1.5882547642136693,0.01,ili perc,quantile
HHS Region 7,2020-02-15,4,2020-03-14,1.7309279472859331,0.025,ili perc,quantile
HHS Region 7,2020-02-15,4,2020-03-14,1.8890246226191179,0.05,ili perc,quantile
HHS Region 7,2020-02-15,4,2020-03-14,2.07438218435199,0.1,ili perc,quantile
HHS Region 7,2020-02-15,4,2020-03-14,2.3183412454274497,0.15,ili perc,quantile
HHS Region 7,2020-02-15,4,2020-03-14,2.577945883259423,0.2,ili perc,quantile
HHS Region 7,2020-02-15,4,2020-03-14,2.754675815677351,0.25,ili perc,quantile
HHS Region 7,2020-02-15,4,2020-03-14,2.941293086493466,0.3,ili perc,quantile
HHS Region 7,2020-02-15,4,2020-03-14,3.1624844797466047,0.35,ili perc,quantile
HHS Region 7,2020-02-15,4,2020-03-14,3.30492816196518,0.4,ili perc,quantile
HHS Region 7,2020-02-15,4,2020-03-14,3.4279273611779004,0.45,ili perc,quantile
HHS Region 7,2020-02-15,4,2020-03-14,3.5894763699521146,0.5,ili perc,quantile
HHS Region 7,2020-02-15,4,2020-03-14,3.720658123462394,0.55,ili perc,quantile
HHS Region 7,2020-02-15,4,2020-03-14,3.842577190724734,0.6,ili perc,quantile
HHS Region 7,2020-02-15,4,2020-03-14,3.9766478503267795,0.65,ili perc,quantile
HHS Region 7,2020-02-15,4,2020-03-14,4.105039355653553,0.7,ili perc,quantile
HHS Region 7,2020-02-15,4,2020-03-14,4.494969118109833,0.75,ili perc,quantile
HHS Region 7,2020-02-15,4,2020-03-14,4.644928215032068,0.8,ili perc,quantile
HHS Region 7,2020-02-15,4,2020-03-14,4.898331142658315,0.85,ili perc,quantile
HHS Region 7,2020-02-15,4,2020-03-14,5.186640481904857,0.9,ili perc,quantile
HHS Region 7,2020-02-15,4,2020-03-14,5.726350918787583,0.95,ili perc,quantile
HHS Region 7,2020-02-15,4,2020-03-14,6.426380520938482,0.975,ili perc,quantile
HHS Region 7,2020-02-15,4,2020-03-14,6.8018713481394775,0.99,ili perc,quantile
HHS Region 8,2020-02-15,1,2020-02-22,4.292111713983676,0.01,ili perc,quantile
HHS Region 8,2020-02-15,1,2020-02-22,4.371873081663179,0.025,ili perc,quantile
HHS Region 8,2020-02-15,1,2020-02-22,4.437112039701624,0.05,ili perc,quantile
HHS Region 8,2020-02-15,1,2020-02-22,4.811313835518348,0.1,ili perc,quantile
HHS Region 8,2020-02-15,1,2020-02-22,4.9160005545609495,0.15,ili perc,quantile
HHS Region 8,2020-02-15,1,2020-02-22,4.943969559364971,0.2,ili perc,quantile
HHS Region 8,2020-02-15,1,2020-02-22,5.111871729212701,0.25,ili perc,quantile
HHS Region 8,2020-02-15,1,2020-02-22,5.199278669323807,0.3,ili perc,quantile
HHS Region 8,2020-02-15,1,2020-02-22,5.2611675501047905,0.35,ili perc,quantile
HHS Region 8,2020-02-15,1,2020-02-22,5.28037866230783,0.4,ili perc,quantile
HHS Region 8,2020-02-15,1,2020-02-22,5.352227241715878,0.45,ili perc,quantile
HHS Region 8,2020-02-15,1,2020-02-22,5.421508776165668,0.5,ili perc,quantile
HHS Region 8,2020-02-15,1,2020-02-22,5.4888976555984,0.55,ili perc,quantile
HHS Region 8,2020-02-15,1,2020-02-22,5.536193960344778,0.6,ili perc,quantile
HHS Region 8,2020-02-15,1,2020-02-22,5.573064830671866,0.65,ili perc,quantile
HHS Region 8,2020-02-15,1,2020-02-22,5.613605842736301,0.7,ili perc,quantile
HHS Region 8,2020-02-15,1,2020-02-22,5.663709591649458,0.75,ili perc,quantile
HHS Region 8,2020-02-15,1,2020-02-22,5.741264687787141,0.8,ili perc,quantile
HHS Region 8,2020-02-15,1,2020-02-22,5.854959600739515,0.85,ili perc,quantile
HHS Region 8,2020-02-15,1,2020-02-22,6.180285712869391,0.9,ili perc,quantile
HHS Region 8,2020-02-15,1,2020-02-22,6.451789573604973,0.95,ili perc,quantile
HHS Region 8,2020-02-15,1,2020-02-22,6.892039249910142,0.975,ili perc,quantile
HHS Region 8,2020-02-15,1,2020-02-22,7.359998164080209,0.99,ili perc,quantile
HHS Region 8,2020-02-15,2,2020-02-29,3.4943012392023958,0.01,ili perc,quantile
HHS Region 8,2020-02-15,2,2020-02-29,3.561078464255601,0.025,ili perc,quantile
HHS Region 8,2020-02-15,2,2020-02-29,3.7381772860379003,0.05,ili perc,quantile
HHS Region 8,2020-02-15,2,2020-02-29,3.99117080300226,0.1,ili perc,quantile
HHS Region 8,2020-02-15,2,2020-02-29,4.0822733304258705,0.15,ili perc,quantile
HHS Region 8,2020-02-15,2,2020-02-29,4.243422064734307,0.2,ili perc,quantile
HHS Region 8,2020-02-15,2,2020-02-29,4.335915351453006,0.25,ili perc,quantile
HHS Region 8,2020-02-15,2,2020-02-29,4.43374041454473,0.3,ili perc,quantile
HHS Region 8,2020-02-15,2,2020-02-29,4.495567779101642,0.35,ili perc,quantile
HHS Region 8,2020-02-15,2,2020-02-29,4.5789675658989335,0.4,ili perc,quantile
HHS Region 8,2020-02-15,2,2020-02-29,4.670017955600519,0.45,ili perc,quantile
HHS Region 8,2020-02-15,2,2020-02-29,4.7978629020320795,0.5,ili perc,quantile
HHS Region 8,2020-02-15,2,2020-02-29,4.894281052573705,0.55,ili perc,quantile
HHS Region 8,2020-02-15,2,2020-02-29,4.960004547488995,0.6,ili perc,quantile
HHS Region 8,2020-02-15,2,2020-02-29,5.020306801220618,0.65,ili perc,quantile
HHS Region 8,2020-02-15,2,2020-02-29,5.167312381957651,0.7,ili perc,quantile
HHS Region 8,2020-02-15,2,2020-02-29,5.29849733432662,0.75,ili perc,quantile
HHS Region 8,2020-02-15,2,2020-02-29,5.606436518527056,0.8,ili perc,quantile
HHS Region 8,2020-02-15,2,2020-02-29,5.870100214989602,0.85,ili perc,quantile
HHS Region 8,2020-02-15,2,2020-02-29,5.948748967925399,0.9,ili perc,quantile
HHS Region 8,2020-02-15,2,2020-02-29,6.358706390338549,0.95,ili perc,quantile
HHS Region 8,2020-02-15,2,2020-02-29,6.695100625592036,0.975,ili perc,quantile
HHS Region 8,2020-02-15,2,2020-02-29,7.097984761907845,0.99,ili perc,quantile
HHS Region 8,2020-02-15,3,2020-03-07,2.628867968962409,0.01,ili perc,quantile
HHS Region 8,2020-02-15,3,2020-03-07,2.8292923140261963,0.025,ili perc,quantile
HHS Region 8,2020-02-15,3,2020-03-07,3.072155867592817,0.05,ili perc,quantile
HHS Region 8,2020-02-15,3,2020-03-07,3.1467757197624344,0.1,ili perc,quantile
HHS Region 8,2020-02-15,3,2020-03-07,3.4293946820030214,0.15,ili perc,quantile
HHS Region 8,2020-02-15,3,2020-03-07,3.5537463944466143,0.2,ili perc,quantile
HHS Region 8,2020-02-15,3,2020-03-07,3.70314345320009,0.25,ili perc,quantile
HHS Region 8,2020-02-15,3,2020-03-07,3.8130046242871196,0.3,ili perc,quantile
HHS Region 8,2020-02-15,3,2020-03-07,3.8491657034184605,0.35,ili perc,quantile
HHS Region 8,2020-02-15,3,2020-03-07,3.9328539488669363,0.4,ili perc,quantile
HHS Region 8,2020-02-15,3,2020-03-07,4.036166195361581,0.45,ili perc,quantile
HHS Region 8,2020-02-15,3,2020-03-07,4.220776419764354,0.5,ili perc,quantile
HHS Region 8,2020-02-15,3,2020-03-07,4.38079309334403,0.55,ili perc,quantile
HHS Region 8,2020-02-15,3,2020-03-07,4.528995018936393,0.6,ili perc,quantile
HHS Region 8,2020-02-15,3,2020-03-07,4.697553222971532,0.65,ili perc,quantile
HHS Region 8,2020-02-15,3,2020-03-07,4.751145789873927,0.7,ili perc,quantile
HHS Region 8,2020-02-15,3,2020-03-07,4.855806404105284,0.75,ili perc,quantile
HHS Region 8,2020-02-15,3,2020-03-07,5.019268542521958,0.8,ili perc,quantile
HHS Region 8,2020-02-15,3,2020-03-07,5.3848616879370335,0.85,ili perc,quantile
HHS Region 8,2020-02-15,3,2020-03-07,5.872056718723964,0.9,ili perc,quantile
HHS Region 8,2020-02-15,3,2020-03-07,6.078366577162883,0.95,ili perc,quantile
HHS Region 8,2020-02-15,3,2020-03-07,7.057798043755156,0.975,ili perc,quantile
HHS Region 8,2020-02-15,3,2020-03-07,7.766066573327718,0.99,ili perc,quantile
HHS Region 8,2020-02-15,4,2020-03-14,2.1175739431107643,0.01,ili perc,quantile
HHS Region 8,2020-02-15,4,2020-03-14,2.19117407020397,0.025,ili perc,quantile
HHS Region 8,2020-02-15,4,2020-03-14,2.405112289966007,0.05,ili perc,quantile
HHS Region 8,2020-02-15,4,2020-03-14,2.616454990780247,0.1,ili perc,quantile
HHS Region 8,2020-02-15,4,2020-03-14,2.7904343885491536,0.15,ili perc,quantile
HHS Region 8,2020-02-15,4,2020-03-14,2.9423815571392176,0.2,ili perc,quantile
HHS Region 8,2020-02-15,4,2020-03-14,3.107812083923783,0.25,ili perc,quantile
HHS Region 8,2020-02-15,4,2020-03-14,3.2239446584175013,0.3,ili perc,quantile
HHS Region 8,2020-02-15,4,2020-03-14,3.3117961314132898,0.35,ili perc,quantile
HHS Region 8,2020-02-15,4,2020-03-14,3.5103649773397714,0.4,ili perc,quantile
HHS Region 8,2020-02-15,4,2020-03-14,3.563329317811581,0.45,ili perc,quantile
HHS Region 8,2020-02-15,4,2020-03-14,3.6943460289876606,0.5,ili perc,quantile
HHS Region 8,2020-02-15,4,2020-03-14,3.8060095136134526,0.55,ili perc,quantile
HHS Region 8,2020-02-15,4,2020-03-14,3.967168492060543,0.6,ili perc,quantile
HHS Region 8,2020-02-15,4,2020-03-14,4.173592900484398,0.65,ili perc,quantile
HHS Region 8,2020-02-15,4,2020-03-14,4.37429931339292,0.7,ili perc,quantile
HHS Region 8,2020-02-15,4,2020-03-14,4.644544285235807,0.75,ili perc,quantile
HHS Region 8,2020-02-15,4,2020-03-14,4.875049561087722,0.8,ili perc,quantile
HHS Region 8,2020-02-15,4,2020-03-14,5.271944319522091,0.85,ili perc,quantile
HHS Region 8,2020-02-15,4,2020-03-14,5.603550485484591,0.9,ili perc,quantile
HHS Region 8,2020-02-15,4,2020-03-14,5.980928039562215,0.95,ili perc,quantile
HHS Region 8,2020-02-15,4,2020-03-14,6.3891919863977735,0.975,ili perc,quantile
HHS Region 8,2020-02-15,4,2020-03-14,7.176851169641526,0.99,ili perc,quantile
HHS Region 9,2020-02-15,1,2020-02-22,2.9139950860224193,0.01,ili perc,quantile
HHS Region 9,2020-02-15,1,2020-02-22,3.0480775311366077,0.025,ili perc,quantile
HHS Region 9,2020-02-15,1,2020-02-22,3.246586868860855,0.05,ili perc,quantile
HHS Region 9,2020-02-15,1,2020-02-22,3.7026950231330065,0.1,ili perc,quantile
HHS Region 9,2020-02-15,1,2020-02-22,3.792283193949051,0.15,ili perc,quantile
HHS Region 9,2020-02-15,1,2020-02-22,3.8808516793050254,0.2,ili perc,quantile
HHS Region 9,2020-02-15,1,2020-02-22,3.9547791727084705,0.25,ili perc,quantile
HHS Region 9,2020-02-15,1,2020-02-22,4.025642701806262,0.3,ili perc,quantile
HHS Region 9,2020-02-15,1,2020-02-22,4.12855910526643,0.35,ili perc,quantile
HHS Region 9,2020-02-15,1,2020-02-22,4.222693838925035,0.4,ili perc,quantile
HHS Region 9,2020-02-15,1,2020-02-22,4.2981570963352,0.45,ili perc,quantile
HHS Region 9,2020-02-15,1,2020-02-22,4.350335207482218,0.5,ili perc,quantile
HHS Region 9,2020-02-15,1,2020-02-22,4.395109504415834,0.55,ili perc,quantile
HHS Region 9,2020-02-15,1,2020-02-22,4.425962504570593,0.6,ili perc,quantile
HHS Region 9,2020-02-15,1,2020-02-22,4.489806253216719,0.65,ili perc,quantile
HHS Region 9,2020-02-15,1,2020-02-22,4.52009988392876,0.7,ili perc,quantile
HHS Region 9,2020-02-15,1,2020-02-22,4.587404404512932,0.75,ili perc,quantile
HHS Region 9,2020-02-15,1,2020-02-22,4.677586767859417,0.8,ili perc,quantile
HHS Region 9,2020-02-15,1,2020-02-22,4.8284029257269365,0.85,ili perc,quantile
HHS Region 9,2020-02-15,1,2020-02-22,4.9479857179046824,0.9,ili perc,quantile
HHS Region 9,2020-02-15,1,2020-02-22,5.31051343327034,0.95,ili perc,quantile
HHS Region 9,2020-02-15,1,2020-02-22,5.8857715472948255,0.975,ili perc,quantile
HHS Region 9,2020-02-15,1,2020-02-22,5.9849664586090485,0.99,ili perc,quantile
HHS Region 9,2020-02-15,2,2020-02-29,2.412066297554559,0.01,ili perc,quantile
HHS Region 9,2020-02-15,2,2020-02-29,2.5982879555257576,0.025,ili perc,quantile
HHS Region 9,2020-02-15,2,2020-02-29,3.005045430685598,0.05,ili perc,quantile
HHS Region 9,2020-02-15,2,2020-02-29,3.3621357475958162,0.1,ili perc,quantile
HHS Region 9,2020-02-15,2,2020-02-29,3.482611010161106,0.15,ili perc,quantile
HHS Region 9,2020-02-15,2,2020-02-29,3.520333088228207,0.2,ili perc,quantile
HHS Region 9,2020-02-15,2,2020-02-29,3.6809772493466326,0.25,ili perc,quantile
HHS Region 9,2020-02-15,2,2020-02-29,3.730338612358144,0.3,ili perc,quantile
HHS Region 9,2020-02-15,2,2020-02-29,3.765076432617897,0.35,ili perc,quantile
HHS Region 9,2020-02-15,2,2020-02-29,3.9378740882797603,0.4,ili perc,quantile
HHS Region 9,2020-02-15,2,2020-02-29,4.0237527405062865,0.45,ili perc,quantile
HHS Region 9,2020-02-15,2,2020-02-29,4.084051456066928,0.5,ili perc,quantile
HHS Region 9,2020-02-15,2,2020-02-29,4.148294004214952,0.55,ili perc,quantile
HHS Region 9,2020-02-15,2,2020-02-29,4.1963219125760665,0.6,ili perc,quantile
HHS Region 9,2020-02-15,2,2020-02-29,4.2816410156110996,0.65,ili perc,quantile
HHS Region 9,2020-02-15,2,2020-02-29,4.419987909669789,0.7,ili perc,quantile
HHS Region 9,2020-02-15,2,2020-02-29,4.580999382049499,0.75,ili perc,quantile
HHS Region 9,2020-02-15,2,2020-02-29,4.7386821180971435,0.8,ili perc,quantile
HHS Region 9,2020-02-15,2,2020-02-29,4.863244318951946,0.85,ili perc,quantile
HHS Region 9,2020-02-15,2,2020-02-29,5.052133651056728,0.9,ili perc,quantile
HHS Region 9,2020-02-15,2,2020-02-29,5.521139870762098,0.95,ili perc,quantile
HHS Region 9,2020-02-15,2,2020-02-29,5.935429235279018,0.975,ili perc,quantile
HHS Region 9,2020-02-15,2,2020-02-29,6.266772668429971,0.99,ili perc,quantile
HHS Region 9,2020-02-15,3,2020-03-07,2.212506472983328,0.01,ili perc,quantile
HHS Region 9,2020-02-15,3,2020-03-07,2.41263154337245,0.025,ili perc,quantile
HHS Region 9,2020-02-15,3,2020-03-07,2.562080025568083,0.05,ili perc,quantile
HHS Region 9,2020-02-15,3,2020-03-07,2.7599454237750045,0.1,ili perc,quantile
HHS Region 9,2020-02-15,3,2020-03-07,2.94179787227253,0.15,ili perc,quantile
HHS Region 9,2020-02-15,3,2020-03-07,3.159008105554132,0.2,ili perc,quantile
HHS Region 9,2020-02-15,3,2020-03-07,3.2669969637910024,0.25,ili perc,quantile
HHS Region 9,2020-02-15,3,2020-03-07,3.3955333738719755,0.3,ili perc,quantile
HHS Region 9,2020-02-15,3,2020-03-07,3.474377022858247,0.35,ili perc,quantile
HHS Region 9,2020-02-15,3,2020-03-07,3.589498760181337,0.4,ili perc,quantile
HHS Region 9,2020-02-15,3,2020-03-07,3.701961402834491,0.45,ili perc,quantile
HHS Region 9,2020-02-15,3,2020-03-07,3.765538344213181,0.5,ili perc,quantile
HHS Region 9,2020-02-15,3,2020-03-07,3.8515195238335935,0.55,ili perc,quantile
HHS Region 9,2020-02-15,3,2020-03-07,3.9572384943587022,0.6,ili perc,quantile
HHS Region 9,2020-02-15,3,2020-03-07,4.0876636552830785,0.65,ili perc,quantile
HHS Region 9,2020-02-15,3,2020-03-07,4.196769470734207,0.7,ili perc,quantile
HHS Region 9,2020-02-15,3,2020-03-07,4.350702672367529,0.75,ili perc,quantile
HHS Region 9,2020-02-15,3,2020-03-07,4.55425588888414,0.8,ili perc,quantile
HHS Region 9,2020-02-15,3,2020-03-07,4.753711833765404,0.85,ili perc,quantile
HHS Region 9,2020-02-15,3,2020-03-07,4.918868093934914,0.9,ili perc,quantile
HHS Region 9,2020-02-15,3,2020-03-07,5.382403612368374,0.95,ili perc,quantile
HHS Region 9,2020-02-15,3,2020-03-07,5.963413284575346,0.975,ili perc,quantile
HHS Region 9,2020-02-15,3,2020-03-07,6.122374815942368,0.99,ili perc,quantile
HHS Region 9,2020-02-15,4,2020-03-14,1.7074856404063325,0.01,ili perc,quantile
HHS Region 9,2020-02-15,4,2020-03-14,1.9335021147473364,0.025,ili perc,quantile
HHS Region 9,2020-02-15,4,2020-03-14,2.2013161990802335,0.05,ili perc,quantile
HHS Region 9,2020-02-15,4,2020-03-14,2.4926241312381645,0.1,ili perc,quantile
HHS Region 9,2020-02-15,4,2020-03-14,2.623913491466196,0.15,ili perc,quantile
HHS Region 9,2020-02-15,4,2020-03-14,2.8047644397318017,0.2,ili perc,quantile
HHS Region 9,2020-02-15,4,2020-03-14,2.954415168399035,0.25,ili perc,quantile
HHS Region 9,2020-02-15,4,2020-03-14,3.2176661072648405,0.3,ili perc,quantile
HHS Region 9,2020-02-15,4,2020-03-14,3.3040376846782094,0.35,ili perc,quantile
HHS Region 9,2020-02-15,4,2020-03-14,3.4281638877391614,0.4,ili perc,quantile
HHS Region 9,2020-02-15,4,2020-03-14,3.5006844892723126,0.45,ili perc,quantile
HHS Region 9,2020-02-15,4,2020-03-14,3.5381920290989477,0.5,ili perc,quantile
HHS Region 9,2020-02-15,4,2020-03-14,3.6767086857329545,0.55,ili perc,quantile
HHS Region 9,2020-02-15,4,2020-03-14,3.72489710035517,0.6,ili perc,quantile
HHS Region 9,2020-02-15,4,2020-03-14,3.884881846328957,0.65,ili perc,quantile
HHS Region 9,2020-02-15,4,2020-03-14,4.12415677182234,0.7,ili perc,quantile
HHS Region 9,2020-02-15,4,2020-03-14,4.216475753019485,0.75,ili perc,quantile
HHS Region 9,2020-02-15,4,2020-03-14,4.579746098403225,0.8,ili perc,quantile
HHS Region 9,2020-02-15,4,2020-03-14,4.726526448627688,0.85,ili perc,quantile
HHS Region 9,2020-02-15,4,2020-03-14,5.154696811715791,0.9,ili perc,quantile
HHS Region 9,2020-02-15,4,2020-03-14,5.477106526982049,0.95,ili perc,quantile
HHS Region 9,2020-02-15,4,2020-03-14,6.472318249941801,0.975,ili perc,quantile
HHS Region 9,2020-02-15,4,2020-03-14,6.824572226302628,0.99,ili perc,quantile
US National,2020-02-15,1,2020-02-22,4.5870432173073725,0.01,ili perc,quantile
US National,2020-02-15,1,2020-02-22,4.915305296967854,0.025,ili perc,quantile
US National,2020-02-15,1,2020-02-22,4.996722660154731,0.05,ili perc,quantile
US National,2020-02-15,1,2020-02-22,5.1249478461993805,0.1,ili perc,quantile
US National,2020-02-15,1,2020-02-22,5.206227287552894,0.15,ili perc,quantile
US National,2020-02-15,1,2020-02-22,5.276523302078598,0.2,ili perc,quantile
US National,2020-02-15,1,2020-02-22,5.32125205680562,0.25,ili perc,quantile
US National,2020-02-15,1,2020-02-22,5.4289331258673945,0.3,ili perc,quantile
US National,2020-02-15,1,2020-02-22,5.4643532946991735,0.35,ili perc,quantile
US National,2020-02-15,1,2020-02-22,5.480930311773695,0.4,ili perc,quantile
US National,2020-02-15,1,2020-02-22,5.554864585066701,0.45,ili perc,quantile
US National,2020-02-15,1,2020-02-22,5.589456159746513,0.5,ili perc,quantile
US National,2020-02-15,1,2020-02-22,5.630130079288866,0.55,ili perc,quantile
US National,2020-02-15,1,2020-02-22,5.650175032210426,0.6,ili perc,quantile
US National,2020-02-15,1,2020-02-22,5.7071796434578355,0.65,ili perc,quantile
US National,2020-02-15,1,2020-02-22,5.750003306976737,0.7,ili perc,quantile
US National,2020-02-15,1,2020-02-22,5.799493212268404,0.75,ili perc,quantile
US National,2020-02-15,1,2020-02-22,5.856752391378502,0.8,ili perc,quantile
US National,2020-02-15,1,2020-02-22,5.942878761790451,0.85,ili perc,quantile
US National,2020-02-15,1,2020-02-22,6.028412814243086,0.9,ili perc,quantile
US National,2020-02-15,1,2020-02-22,6.2701084741164985,0.95,ili perc,quantile
US National,2020-02-15,1,2020-02-22,6.370358280770225,0.975,ili perc,quantile
US National,2020-02-15,1,2020-02-22,6.5283035776672085,0.99,ili perc,quantile
US National,2020-02-15,2,2020-02-29,3.756053627010234,0.01,ili perc,quantile
US National,2020-02-15,2,2020-02-29,3.7989586107863524,0.025,ili perc,quantile
US National,2020-02-15,2,2020-02-29,3.9866437576183573,0.05,ili perc,quantile
US National,2020-02-15,2,2020-02-29,4.210497238479848,0.1,ili perc,quantile
US National,2020-02-15,2,2020-02-29,4.360471094139584,0.15,ili perc,quantile
US National,2020-02-15,2,2020-02-29,4.461393839596361,0.2,ili perc,quantile
US National,2020-02-15,2,2020-02-29,4.559844900454759,0.25,ili perc,quantile
US National,2020-02-15,2,2020-02-29,4.647555991047601,0.3,ili perc,quantile
US National,2020-02-15,2,2020-02-29,4.6893504591447135,0.35,ili perc,quantile
US National,2020-02-15,2,2020-02-29,4.748753651844809,0.4,ili perc,quantile
US National,2020-02-15,2,2020-02-29,4.853690909960027,0.45,ili perc,quantile
US National,2020-02-15,2,2020-02-29,4.8912239467782115,0.5,ili perc,quantile
US National,2020-02-15,2,2020-02-29,4.991982614937376,0.55,ili perc,quantile
US National,2020-02-15,2,2020-02-29,5.101656490881105,0.6,ili perc,quantile
US National,2020-02-15,2,2020-02-29,5.23981363551054,0.65,ili perc,quantile
US National,2020-02-15,2,2020-02-29,5.279202120131329,0.7,ili perc,quantile
US National,2020-02-15,2,2020-02-29,5.375882933876955,0.75,ili perc,quantile
US National,2020-02-15,2,2020-02-29,5.459922304921511,0.8,ili perc,quantile
US National,2020-02-15,2,2020-02-29,5.707176785377862,0.85,ili perc,quantile
US National,2020-02-15,2,2020-02-29,5.77830787605594,0.9,ili perc,quantile
US National,2020-02-15,2,2020-02-29,5.911787632374095,0.95,ili perc,quantile
US National,2020-02-15,2,2020-02-29,6.183906214728023,0.975,ili perc,quantile
US National,2020-02-15,2,2020-02-29,6.357303166742838,0.99,ili perc,quantile
US National,2020-02-15,3,2020-03-07,2.9335652096255154,0.01,ili perc,quantile
US National,2020-02-15,3,2020-03-07,3.0989181461007664,0.025,ili perc,quantile
US National,2020-02-15,3,2020-03-07,3.2099517679099625,0.05,ili perc,quantile
US National,2020-02-15,3,2020-03-07,3.4545605538377284,0.1,ili perc,quantile
US National,2020-02-15,3,2020-03-07,3.5807592068057383,0.15,ili perc,quantile
US National,2020-02-15,3,2020-03-07,3.6879990864970433,0.2,ili perc,quantile
US National,2020-02-15,3,2020-03-07,3.8321134525576652,0.25,ili perc,quantile
US National,2020-02-15,3,2020-03-07,3.931339031032248,0.3,ili perc,quantile
US National,2020-02-15,3,2020-03-07,4.05498371936189,0.35,ili perc,quantile
US National,2020-02-15,3,2020-03-07,4.166846871468883,0.4,ili perc,quantile
US National,2020-02-15,3,2020-03-07,4.269384444093349,0.45,ili perc,quantile
US National,2020-02-15,3,2020-03-07,4.3121609768588804,0.5,ili perc,quantile
US National,2020-02-15,3,2020-03-07,4.445286660170485,0.55,ili perc,quantile
US National,2020-02-15,3,2020-03-07,4.568765812956688,0.6,ili perc,quantile
US National,2020-02-15,3,2020-03-07,4.686600301782309,0.65,ili perc,quantile
US National,2020-02-15,3,2020-03-07,4.783537405569131,0.7,ili perc,quantile
US National,2020-02-15,3,2020-03-07,4.9558437646685025,0.75,ili perc,quantile
US National,2020-02-15,3,2020-03-07,5.0557792688650816,0.8,ili perc,quantile
US National,2020-02-15,3,2020-03-07,5.137088530913575,0.85,ili perc,quantile
US National,2020-02-15,3,2020-03-07,5.421555974322176,0.9,ili perc,quantile
US National,2020-02-15,3,2020-03-07,5.694071128278139,0.95,ili perc,quantile
US National,2020-02-15,3,2020-03-07,6.100629523603646,0.975,ili perc,quantile
US National,2020-02-15,3,2020-03-07,6.356712441746686,0.99,ili perc,quantile
US National,2020-02-15,4,2020-03-14,2.1108482132416366,0.01,ili perc,quantile
US National,2020-02-15,4,2020-03-14,2.484363802364824,0.025,ili perc,quantile
US National,2020-02-15,4,2020-03-14,2.6613303022108434,0.05,ili perc,quantile
US National,2020-02-15,4,2020-03-14,2.8247238072422047,0.1,ili perc,quantile
US National,2020-02-15,4,2020-03-14,3.006863487459597,0.15,ili perc,quantile
US National,2020-02-15,4,2020-03-14,3.2577183756584946,0.2,ili perc,quantile
US National,2020-02-15,4,2020-03-14,3.328838608712849,0.25,ili perc,quantile
US National,2020-02-15,4,2020-03-14,3.466397229376316,0.3,ili perc,quantile
US National,2020-02-15,4,2020-03-14,3.55432870657628,0.35,ili perc,quantile
US National,2020-02-15,4,2020-03-14,3.6647525584910765,0.4,ili perc,quantile
US National,2020-02-15,4,2020-03-14,3.764175689229653,0.45,ili perc,quantile
US National,2020-02-15,4,2020-03-14,3.8359304884831924,0.5,ili perc,quantile
US National,2020-02-15,4,2020-03-14,3.927330566180259,0.55,ili perc,quantile
US National,2020-02-15,4,2020-03-14,4.03694863317752,0.6,ili perc,quantile
US National,2020-02-15,4,2020-03-14,4.146187456033591,0.65,ili perc,quantile
US National,2020-02-15,4,2020-03-14,4.2950471926166545,0.7,ili perc,quantile
US National,2020-02-15,4,2020-03-14,4.483502635873149,0.75,ili perc,quantile
US National,2020-02-15,4,2020-03-14,4.853386555961342,0.8,ili perc,quantile
US National,2020-02-15,4,2020-03-14,5.082080282286153,0.85,ili perc,quantile
US National,2020-02-15,4,2020-03-14,5.171852733951657,0.9,ili perc,quantile
US National,2020-02-15,4,2020-03-14,5.46867456424948,0.95,ili perc,quantile
US National,2020-02-15,4,2020-03-14,5.928063627485574,0.975,ili perc,quantile
US National,2020-02-15,4,2020-03-14,6.2922663756334645,0.99,ili perc,quantile
