location,origin_date,target_end_date,horizon,output_type_id,value,target,output_type
HHS Region 1,2019-02-23,2019-03-02,1,0.01,1.50435626522116,ili perc,quantile
HHS Region 1,2019-02-23,2019-03-02,1,0.025,1.53513463811743,ili perc,quantile
HHS Region 1,2019-02-23,2019-03-02,1,0.05,1.70884187867028,ili perc,quantile
HHS Region 1,2019-02-23,2019-03-02,1,0.1,1.90735560427311,ili perc,quantile
HHS Region 1,2019-02-23,2019-03-02,1,0.15,2.00812571763245,ili perc,quantile
HHS Region 1,2019-02-23,2019-03-02,1,0.2,2.13792567086327,ili perc,quantile
HHS Region 1,2019-02-23,2019-03-02,1,0.25,2.29342459005764,ili perc,quantile
HHS Region 1,2019-02-23,2019-03-02,1,0.3,2.36529462849251,ili perc,quantile
HHS Region 1,2019-02-23,2019-03-02,1,0.35,2.41022112324427,ili perc,quantile
HHS Region 1,2019-02-23,2019-03-02,1,0.4,2.51725125670339,ili perc,quantile
HHS Region 1,2019-02-23,2019-03-02,1,0.45,2.65284843412988,ili perc,quantile
HHS Region 1,2019-02-23,2019-03-02,1,0.5,211.019390366535,ili perc,quantile
HHS Region 1,2019-02-23,2019-03-02,1,0.55,211.019390366535,ili perc,quantile
HHS Region 1,2019-02-23,2019-03-02,1,0.6,211.019390366535,ili perc,quantile
HHS Region 1,2019-02-23,2019-03-02,1,0.65,211.019390366535,ili perc,quantile
HHS Region 1,2019-02-23,2019-03-02,1,0.7,211.019390366535,ili perc,quantile
HHS Region 1,2019-02-23,2019-03-02,1,0.75,211.019390366535,ili perc,quantile
HHS Region 1,2019-02-23,2019-03-02,1,0.8,211.019390366535,ili perc,quantile
HHS Region 1,2019-02-23,2019-03-02,1,0.85,211.019390366535,ili perc,quantile
HHS Region 1,2019-02-23,2019-03-02,1,0.9,211.019390366535,ili perc,quantile
HHS Region 1,2019-02-23,2019-03-02,1,0.95,211.019390366535,ili perc,quantile
HHS Region 1,2019-02-23,2019-03-02,1,0.975,211.019390366535,ili perc,quantile
HHS Region 1,2019-02-23,2019-03-02,1,0.99,211.019390366535,ili perc,quantile
HHS Region 1,2019-02-23,2019-03-09,2,0.01,1.50757841600131,ili perc,quantile
HHS Region 1,2019-02-23,2019-03-09,2,0.025,1.55041230855412,ili perc,quantile
HHS Region 1,2019-02-23,2019-03-09,2,0.05,1.70150056980333,ili perc,quantile
HHS Region 1,2019-02-23,2019-03-09,2,0.1,1.87865954941532,ili perc,quantile
HHS Region 1,2019-02-23,2019-03-09,2,0.15,1.9716948426254,ili perc,quantile
HHS Region 1,2019-02-23,2019-03-09,2,0.2,2.1066163811814,ili perc,quantile
HHS Region 1,2019-02-23,2019-03-09,2,0.25,2.25827235372708,ili perc,quantile
HHS Region 1,2019-02-23,2019-03-09,2,0.3,2.33210021488028,ili perc,quantile
HHS Region 1,2019-02-23,2019-03-09,2,0.35,2.38979135542039,ili perc,quantile
HHS Region 1,2019-02-23,2019-03-09,2,0.4,2.49611293016457,ili perc,quantile
HHS Region 1,2019-02-23,2019-03-09,2,0.45,2.63097774487389,ili perc,quantile
HHS Region 1,2019-02-23,2019-03-09,2,0.5,252.249389010632,ili perc,quantile
HHS Region 1,2019-02-23,2019-03-09,2,0.55,252.249389010632,ili perc,quantile
HHS Region 1,2019-02-23,2019-03-09,2,0.6,252.249389010632,ili perc,quantile
HHS Region 1,2019-02-23,2019-03-09,2,0.65,252.249389010632,ili perc,quantile
HHS Region 1,2019-02-23,2019-03-09,2,0.7,252.249389010632,ili perc,quantile
HHS Region 1,2019-02-23,2019-03-09,2,0.75,252.249389010632,ili perc,quantile
HHS Region 1,2019-02-23,2019-03-09,2,0.8,252.249389010632,ili perc,quantile
HHS Region 1,2019-02-23,2019-03-09,2,0.85,252.249389010632,ili perc,quantile
HHS Region 1,2019-02-23,2019-03-09,2,0.9,252.249389010632,ili perc,quantile
HHS Region 1,2019-02-23,2019-03-09,2,0.95,252.249389010632,ili perc,quantile
HHS Region 1,2019-02-23,2019-03-09,2,0.975,252.249389010632,ili perc,quantile
HHS Region 1,2019-02-23,2019-03-09,2,0.99,252.249389010632,ili perc,quantile
HHS Region 1,2019-02-23,2019-03-16,3,0.01,1.48633722654853,ili perc,quantile
HHS Region 1,2019-02-23,2019-03-16,3,0.025,1.54076380090072,ili perc,quantile
HHS Region 1,2019-02-23,2019-03-16,3,0.05,1.67350593497605,ili perc,quantile
HHS Region 1,2019-02-23,2019-03-16,3,0.1,1.83341640160677,ili perc,quantile
HHS Region 1,2019-02-23,2019-03-16,3,0.15,1.92047039270463,ili perc,quantile
HHS Region 1,2019-02-23,2019-03-16,3,0.2,2.05641015406718,ili perc,quantile
HHS Region 1,2019-02-23,2019-03-16,3,0.25,2.20710859669586,ili perc,quantile
HHS Region 1,2019-02-23,2019-03-16,3,0.3,2.28431602628601,ili perc,quantile
HHS Region 1,2019-02-23,2019-03-16,3,0.35,2.35661166758362,ili perc,quantile
HHS Region 1,2019-02-23,2019-03-16,3,0.4,2.46212548455154,ili perc,quantile
HHS Region 1,2019-02-23,2019-03-16,3,0.45,2.59800334418074,ili perc,quantile
HHS Region 1,2019-02-23,2019-03-16,3,0.5,232.791100293842,ili perc,quantile
HHS Region 1,2019-02-23,2019-03-16,3,0.55,232.791100293842,ili perc,quantile
HHS Region 1,2019-02-23,2019-03-16,3,0.6,232.791100293842,ili perc,quantile
HHS Region 1,2019-02-23,2019-03-16,3,0.65,232.791100293842,ili perc,quantile
HHS Region 1,2019-02-23,2019-03-16,3,0.7,232.791100293842,ili perc,quantile
HHS Region 1,2019-02-23,2019-03-16,3,0.75,232.791100293842,ili perc,quantile
HHS Region 1,2019-02-23,2019-03-16,3,0.8,232.791100293842,ili perc,quantile
HHS Region 1,2019-02-23,2019-03-16,3,0.85,232.791100293842,ili perc,quantile
HHS Region 1,2019-02-23,2019-03-16,3,0.9,232.791100293842,ili perc,quantile
HHS Region 1,2019-02-23,2019-03-16,3,0.95,232.791100293842,ili perc,quantile
HHS Region 1,2019-02-23,2019-03-16,3,0.975,232.791100293842,ili perc,quantile
HHS Region 1,2019-02-23,2019-03-16,3,0.99,232.791100293842,ili perc,quantile
HHS Region 1,2019-02-23,2019-03-23,4,0.01,1.50433516432201,ili perc,quantile
HHS Region 1,2019-02-23,2019-03-23,4,0.025,1.57109681106255,ili perc,quantile
HHS Region 1,2019-02-23,2019-03-23,4,0.05,1.67863917546293,ili perc,quantile
HHS Region 1,2019-02-23,2019-03-23,4,0.1,1.81471474319983,ili perc,quantile
HHS Region 1,2019-02-23,2019-03-23,4,0.15,1.89297479430803,ili perc,quantile
HHS Region 1,2019-02-23,2019-03-23,4,0.2,2.03651456013046,ili perc,quantile
HHS Region 1,2019-02-23,2019-03-23,4,0.25,2.18162727272079,ili perc,quantile
HHS Region 1,2019-02-23,2019-03-23,4,0.3,2.25993379471288,ili perc,quantile
HHS Region 1,2019-02-23,2019-03-23,4,0.35,2.34388281470007,ili perc,quantile
HHS Region 1,2019-02-23,2019-03-23,4,0.4,2.44874798890027,ili perc,quantile
HHS Region 1,2019-02-23,2019-03-23,4,0.45,2.58283926463014,ili perc,quantile
HHS Region 1,2019-02-23,2019-03-23,4,0.5,310.676649590507,ili perc,quantile
HHS Region 1,2019-02-23,2019-03-23,4,0.55,310.676649590507,ili perc,quantile
HHS Region 1,2019-02-23,2019-03-23,4,0.6,310.676649590507,ili perc,quantile
HHS Region 1,2019-02-23,2019-03-23,4,0.65,310.676649590507,ili perc,quantile
HHS Region 1,2019-02-23,2019-03-23,4,0.7,310.676649590507,ili perc,quantile
HHS Region 1,2019-02-23,2019-03-23,4,0.75,310.676649590507,ili perc,quantile
HHS Region 1,2019-02-23,2019-03-23,4,0.8,310.676649590507,ili perc,quantile
HHS Region 1,2019-02-23,2019-03-23,4,0.85,310.676649590507,ili perc,quantile
HHS Region 1,2019-02-23,2019-03-23,4,0.9,310.676649590507,ili perc,quantile
HHS Region 1,2019-02-23,2019-03-23,4,0.95,310.676649590507,ili perc,quantile
HHS Region 1,2019-02-23,2019-03-23,4,0.975,310.676649590507,ili perc,quantile
HHS Region 1,2019-02-23,2019-03-23,4,0.99,310.676649590507,ili perc,quantile
HHS Region 10,2019-02-23,2019-03-02,1,0.01,1.22826142630502,ili perc,quantile
HHS Region 10,2019-02-23,2019-03-02,1,0.025,1.22826142630502,ili perc,quantile
HHS Region 10,2019-02-23,2019-03-02,1,0.05,1.44822351626038,ili perc,quantile
HHS Region 10,2019-02-23,2019-03-02,1,0.1,1.66691689680377,ili perc,quantile
HHS Region 10,2019-02-23,2019-03-02,1,0.15,1.76532678771252,ili perc,quantile
HHS Region 10,2019-02-23,2019-03-02,1,0.2,1.90067642745018,ili perc,quantile
HHS Region 10,2019-02-23,2019-03-02,1,0.25,2.01826184870023,ili perc,quantile
HHS Region 10,2019-02-23,2019-03-02,1,0.3,2.09417396952378,ili perc,quantile
HHS Region 10,2019-02-23,2019-03-02,1,0.35,2.12709831045132,ili perc,quantile
HHS Region 10,2019-02-23,2019-03-02,1,0.4,2.23767710960016,ili perc,quantile
HHS Region 10,2019-02-23,2019-03-02,1,0.45,2.33619740816653,ili perc,quantile
HHS Region 10,2019-02-23,2019-03-02,1,0.5,133.166262354776,ili perc,quantile
HHS Region 10,2019-02-23,2019-03-02,1,0.55,133.166262354776,ili perc,quantile
HHS Region 10,2019-02-23,2019-03-02,1,0.6,133.166262354776,ili perc,quantile
HHS Region 10,2019-02-23,2019-03-02,1,0.65,133.166262354776,ili perc,quantile
HHS Region 10,2019-02-23,2019-03-02,1,0.7,133.166262354776,ili perc,quantile
HHS Region 10,2019-02-23,2019-03-02,1,0.75,133.166262354776,ili perc,quantile
HHS Region 10,2019-02-23,2019-03-02,1,0.8,133.166262354776,ili perc,quantile
HHS Region 10,2019-02-23,2019-03-02,1,0.85,133.166262354776,ili perc,quantile
HHS Region 10,2019-02-23,2019-03-02,1,0.9,133.166262354776,ili perc,quantile
HHS Region 10,2019-02-23,2019-03-02,1,0.95,133.166262354776,ili perc,quantile
HHS Region 10,2019-02-23,2019-03-02,1,0.975,133.166262354776,ili perc,quantile
HHS Region 10,2019-02-23,2019-03-02,1,0.99,133.166262354776,ili perc,quantile
HHS Region 10,2019-02-23,2019-03-09,2,0.01,1.21410647361434,ili perc,quantile
HHS Region 10,2019-02-23,2019-03-09,2,0.025,1.21410647361434,ili perc,quantile
HHS Region 10,2019-02-23,2019-03-09,2,0.05,1.42130767874094,ili perc,quantile
HHS Region 10,2019-02-23,2019-03-09,2,0.1,1.62253806302198,ili perc,quantile
HHS Region 10,2019-02-23,2019-03-09,2,0.15,1.7148750592808,ili perc,quantile
HHS Region 10,2019-02-23,2019-03-09,2,0.2,1.85145725517005,ili perc,quantile
HHS Region 10,2019-02-23,2019-03-09,2,0.25,1.96793443083585,ili perc,quantile
HHS Region 10,2019-02-23,2019-03-09,2,0.3,2.04715185721713,ili perc,quantile
HHS Region 10,2019-02-23,2019-03-09,2,0.35,2.09458459667661,ili perc,quantile
HHS Region 10,2019-02-23,2019-03-09,2,0.4,2.20436081957209,ili perc,quantile
HHS Region 10,2019-02-23,2019-03-09,2,0.45,2.30380299415583,ili perc,quantile
HHS Region 10,2019-02-23,2019-03-09,2,0.5,116.877940603485,ili perc,quantile
HHS Region 10,2019-02-23,2019-03-09,2,0.55,116.877940603485,ili perc,quantile
HHS Region 10,2019-02-23,2019-03-09,2,0.6,116.877940603485,ili perc,quantile
HHS Region 10,2019-02-23,2019-03-09,2,0.65,116.877940603485,ili perc,quantile
HHS Region 10,2019-02-23,2019-03-09,2,0.7,116.877940603485,ili perc,quantile
HHS Region 10,2019-02-23,2019-03-09,2,0.75,116.877940603485,ili perc,quantile
HHS Region 10,2019-02-23,2019-03-09,2,0.8,116.877940603485,ili perc,quantile
HHS Region 10,2019-02-23,2019-03-09,2,0.85,116.877940603485,ili perc,quantile
HHS Region 10,2019-02-23,2019-03-09,2,0.9,116.877940603485,ili perc,quantile
HHS Region 10,2019-02-23,2019-03-09,2,0.95,116.877940603485,ili perc,quantile
HHS Region 10,2019-02-23,2019-03-09,2,0.975,116.877940603485,ili perc,quantile
HHS Region 10,2019-02-23,2019-03-09,2,0.99,116.877940603485,ili perc,quantile
HHS Region 10,2019-02-23,2019-03-16,3,0.01,1.20297609143397,ili perc,quantile
HHS Region 10,2019-02-23,2019-03-16,3,0.025,1.21309986263951,ili perc,quantile
HHS Region 10,2019-02-23,2019-03-16,3,0.05,1.40115490430202,ili perc,quantile
HHS Region 10,2019-02-23,2019-03-16,3,0.1,1.58357768017835,ili perc,quantile
HHS Region 10,2019-02-23,2019-03-16,3,0.15,1.66926758114175,ili perc,quantile
HHS Region 10,2019-02-23,2019-03-16,3,0.2,1.8084260053644,ili perc,quantile
HHS Region 10,2019-02-23,2019-03-16,3,0.25,1.92285008736646,ili perc,quantile
HHS Region 10,2019-02-23,2019-03-16,3,0.3,2.00490725961785,ili perc,quantile
HHS Region 10,2019-02-23,2019-03-16,3,0.35,2.06624592538584,ili perc,quantile
HHS Region 10,2019-02-23,2019-03-16,3,0.4,2.17525205539209,ili perc,quantile
HHS Region 10,2019-02-23,2019-03-16,3,0.45,2.27504456114993,ili perc,quantile
HHS Region 10,2019-02-23,2019-03-16,3,0.5,120.462384936402,ili perc,quantile
HHS Region 10,2019-02-23,2019-03-16,3,0.55,120.462384936402,ili perc,quantile
HHS Region 10,2019-02-23,2019-03-16,3,0.6,120.462384936402,ili perc,quantile
HHS Region 10,2019-02-23,2019-03-16,3,0.65,120.462384936402,ili perc,quantile
HHS Region 10,2019-02-23,2019-03-16,3,0.7,120.462384936402,ili perc,quantile
HHS Region 10,2019-02-23,2019-03-16,3,0.75,120.462384936402,ili perc,quantile
HHS Region 10,2019-02-23,2019-03-16,3,0.8,120.462384936402,ili perc,quantile
HHS Region 10,2019-02-23,2019-03-16,3,0.85,120.462384936402,ili perc,quantile
HHS Region 10,2019-02-23,2019-03-16,3,0.9,120.462384936402,ili perc,quantile
HHS Region 10,2019-02-23,2019-03-16,3,0.95,120.462384936402,ili perc,quantile
HHS Region 10,2019-02-23,2019-03-16,3,0.975,120.462384936402,ili perc,quantile
HHS Region 10,2019-02-23,2019-03-16,3,0.99,120.462384936402,ili perc,quantile
HHS Region 10,2019-02-23,2019-03-23,4,0.01,1.19170082744394,ili perc,quantile
HHS Region 10,2019-02-23,2019-03-23,4,0.025,1.21360583227955,ili perc,quantile
HHS Region 10,2019-02-23,2019-03-23,4,0.05,1.38157406354858,ili perc,quantile
HHS Region 10,2019-02-23,2019-03-23,4,0.1,1.54507552086125,ili perc,quantile
HHS Region 10,2019-02-23,2019-03-23,4,0.15,1.62406976795637,ili perc,quantile
HHS Region 10,2019-02-23,2019-03-23,4,0.2,1.76591805118149,ili perc,quantile
HHS Region 10,2019-02-23,2019-03-23,4,0.25,1.87820913631056,ili perc,quantile
HHS Region 10,2019-02-23,2019-03-23,4,0.3,1.96306668332694,ili perc,quantile
HHS Region 10,2019-02-23,2019-03-23,4,0.35,2.03826032598076,ili perc,quantile
HHS Region 10,2019-02-23,2019-03-23,4,0.4,2.14649911012677,ili perc,quantile
HHS Region 10,2019-02-23,2019-03-23,4,0.45,2.24659361307972,ili perc,quantile
HHS Region 10,2019-02-23,2019-03-23,4,0.5,125.727414562165,ili perc,quantile
HHS Region 10,2019-02-23,2019-03-23,4,0.55,125.727414562165,ili perc,quantile
HHS Region 10,2019-02-23,2019-03-23,4,0.6,125.727414562165,ili perc,quantile
HHS Region 10,2019-02-23,2019-03-23,4,0.65,125.727414562165,ili perc,quantile
HHS Region 10,2019-02-23,2019-03-23,4,0.7,125.727414562165,ili perc,quantile
HHS Region 10,2019-02-23,2019-03-23,4,0.75,125.727414562165,ili perc,quantile
HHS Region 10,2019-02-23,2019-03-23,4,0.8,125.727414562165,ili perc,quantile
HHS Region 10,2019-02-23,2019-03-23,4,0.85,125.727414562165,ili perc,quantile
HHS Region 10,2019-02-23,2019-03-23,4,0.9,125.727414562165,ili perc,quantile
HHS Region 10,2019-02-23,2019-03-23,4,0.95,125.727414562165,ili perc,quantile
HHS Region 10,2019-02-23,2019-03-23,4,0.975,125.727414562165,ili perc,quantile
HHS Region 10,2019-02-23,2019-03-23,4,0.99,125.727414562165,ili perc,quantile
HHS Region 2,2019-02-23,2019-03-02,1,0.01,1.96485776821794,ili perc,quantile
HHS Region 2,2019-02-23,2019-03-02,1,0.025,2.10894261411488,ili perc,quantile
HHS Region 2,2019-02-23,2019-03-02,1,0.05,2.2687467868194102,ili perc,quantile
HHS Region 2,2019-02-23,2019-03-02,1,0.1,2.50280210439189,ili perc,quantile
HHS Region 2,2019-02-23,2019-03-02,1,0.15,2.64657454921633,ili perc,quantile
HHS Region 2,2019-02-23,2019-03-02,1,0.2,2.78179909582536,ili perc,quantile
HHS Region 2,2019-02-23,2019-03-02,1,0.25,2.93788501900679,ili perc,quantile
HHS Region 2,2019-02-23,2019-03-02,1,0.3,3.0187995974137,ili perc,quantile
HHS Region 2,2019-02-23,2019-03-02,1,0.35,3.12098025979026,ili perc,quantile
HHS Region 2,2019-02-23,2019-03-02,1,0.4,3.25252535973277,ili perc,quantile
HHS Region 2,2019-02-23,2019-03-02,1,0.45,3.440545302283,ili perc,quantile
HHS Region 2,2019-02-23,2019-03-02,1,0.5,637.784367238358,ili perc,quantile
HHS Region 2,2019-02-23,2019-03-02,1,0.55,637.784367238358,ili perc,quantile
HHS Region 2,2019-02-23,2019-03-02,1,0.6,637.784367238358,ili perc,quantile
HHS Region 2,2019-02-23,2019-03-02,1,0.65,637.784367238358,ili perc,quantile
HHS Region 2,2019-02-23,2019-03-02,1,0.7,637.784367238358,ili perc,quantile
HHS Region 2,2019-02-23,2019-03-02,1,0.75,637.784367238358,ili perc,quantile
HHS Region 2,2019-02-23,2019-03-02,1,0.8,637.784367238358,ili perc,quantile
HHS Region 2,2019-02-23,2019-03-02,1,0.85,637.784367238358,ili perc,quantile
HHS Region 2,2019-02-23,2019-03-02,1,0.9,637.784367238358,ili perc,quantile
HHS Region 2,2019-02-23,2019-03-02,1,0.95,637.784367238358,ili perc,quantile
HHS Region 2,2019-02-23,2019-03-02,1,0.975,637.784367238358,ili perc,quantile
HHS Region 2,2019-02-23,2019-03-02,1,0.99,637.784367238358,ili perc,quantile
HHS Region 2,2019-02-23,2019-03-09,2,0.01,1.93193034659475,ili perc,quantile
HHS Region 2,2019-02-23,2019-03-09,2,0.025,2.08738677485792,ili perc,quantile
HHS Region 2,2019-02-23,2019-03-09,2,0.05,2.23088597836386,ili perc,quantile
HHS Region 2,2019-02-23,2019-03-09,2,0.1,2.44965434633275,ili perc,quantile
HHS Region 2,2019-02-23,2019-03-09,2,0.15,2.58828315138794,ili perc,quantile
HHS Region 2,2019-02-23,2019-03-09,2,0.2,2.72256572867047,ili perc,quantile
HHS Region 2,2019-02-23,2019-03-09,2,0.25,2.87907249665864,ili perc,quantile
HHS Region 2,2019-02-23,2019-03-09,2,0.3,2.96404581692673,ili perc,quantile
HHS Region 2,2019-02-23,2019-03-09,2,0.35,3.08170988588995,ili perc,quantile
HHS Region 2,2019-02-23,2019-03-09,2,0.4,3.21239984028136,ili perc,quantile
HHS Region 2,2019-02-23,2019-03-09,2,0.45,3.4022666157249,ili perc,quantile
HHS Region 2,2019-02-23,2019-03-09,2,0.5,589.335049112891,ili perc,quantile
HHS Region 2,2019-02-23,2019-03-09,2,0.55,589.335049112891,ili perc,quantile
HHS Region 2,2019-02-23,2019-03-09,2,0.6,589.335049112891,ili perc,quantile
HHS Region 2,2019-02-23,2019-03-09,2,0.65,589.335049112891,ili perc,quantile
HHS Region 2,2019-02-23,2019-03-09,2,0.7,589.335049112891,ili perc,quantile
HHS Region 2,2019-02-23,2019-03-09,2,0.75,589.335049112891,ili perc,quantile
HHS Region 2,2019-02-23,2019-03-09,2,0.8,589.335049112891,ili perc,quantile
HHS Region 2,2019-02-23,2019-03-09,2,0.85,589.335049112891,ili perc,quantile
HHS Region 2,2019-02-23,2019-03-09,2,0.9,589.335049112891,ili perc,quantile
HHS Region 2,2019-02-23,2019-03-09,2,0.95,589.335049112891,ili perc,quantile
HHS Region 2,2019-02-23,2019-03-09,2,0.975,589.335049112891,ili perc,quantile
HHS Region 2,2019-02-23,2019-03-09,2,0.99,589.335049112891,ili perc,quantile
HHS Region 2,2019-02-23,2019-03-16,3,0.01,1.90844222112071,ili perc,quantile
HHS Region 2,2019-02-23,2019-03-16,3,0.025,2.07544881993817,ili perc,quantile
HHS Region 2,2019-02-23,2019-03-16,3,0.05,2.20099435393422,ili perc,quantile
HHS Region 2,2019-02-23,2019-03-16,3,0.1,2.40289136276817,ili perc,quantile
HHS Region 2,2019-02-23,2019-03-16,3,0.15,2.53569992478162,ili perc,quantile
HHS Region 2,2019-02-23,2019-03-16,3,0.2,2.67062383467646,ili perc,quantile
HHS Region 2,2019-02-23,2019-03-16,3,0.25,2.82643809570584,ili perc,quantile
HHS Region 2,2019-02-23,2019-03-16,3,0.3,2.91492157048935,ili perc,quantile
HHS Region 2,2019-02-23,2019-03-16,3,0.35,3.04735912925094,ili perc,quantile
HHS Region 2,2019-02-23,2019-03-16,3,0.4,3.17723221452059,ili perc,quantile
HHS Region 2,2019-02-23,2019-03-16,3,0.45,3.3682723490216,ili perc,quantile
HHS Region 2,2019-02-23,2019-03-16,3,0.5,564.302595231261,ili perc,quantile
HHS Region 2,2019-02-23,2019-03-16,3,0.55,564.302595231261,ili perc,quantile
HHS Region 2,2019-02-23,2019-03-16,3,0.6,564.302595231261,ili perc,quantile
HHS Region 2,2019-02-23,2019-03-16,3,0.65,564.302595231261,ili perc,quantile
HHS Region 2,2019-02-23,2019-03-16,3,0.7,564.302595231261,ili perc,quantile
HHS Region 2,2019-02-23,2019-03-16,3,0.75,564.302595231261,ili perc,quantile
HHS Region 2,2019-02-23,2019-03-16,3,0.8,564.302595231261,ili perc,quantile
HHS Region 2,2019-02-23,2019-03-16,3,0.85,564.302595231261,ili perc,quantile
HHS Region 2,2019-02-23,2019-03-16,3,0.9,564.302595231261,ili perc,quantile
HHS Region 2,2019-02-23,2019-03-16,3,0.95,564.302595231261,ili perc,quantile
HHS Region 2,2019-02-23,2019-03-16,3,0.975,564.302595231261,ili perc,quantile
HHS Region 2,2019-02-23,2019-03-16,3,0.99,564.302595231261,ili perc,quantile
HHS Region 2,2019-02-23,2019-03-23,4,0.01,1.96342078468626,ili perc,quantile
HHS Region 2,2019-02-23,2019-03-23,4,0.025,2.14346211642214,ili perc,quantile
HHS Region 2,2019-02-23,2019-03-23,4,0.05,2.23734871596162,ili perc,quantile
HHS Region 2,2019-02-23,2019-03-23,4,0.1,2.4092035351191,ili perc,quantile
HHS Region 2,2019-02-23,2019-03-23,4,0.15,2.53056740733825,ili perc,quantile
HHS Region 2,2019-02-23,2019-03-23,4,0.2,2.67929427322542,ili perc,quantile
HHS Region 2,2019-02-23,2019-03-23,4,0.25,2.8251609911772,ili perc,quantile
HHS Region 2,2019-02-23,2019-03-23,4,0.3,2.91259434055792,ili perc,quantile
HHS Region 2,2019-02-23,2019-03-23,4,0.35,3.05390401480145,ili perc,quantile
HHS Region 2,2019-02-23,2019-03-23,4,0.4,3.18327841406847,ili perc,quantile
HHS Region 2,2019-02-23,2019-03-23,4,0.45,3.36989347515623,ili perc,quantile
HHS Region 2,2019-02-23,2019-03-23,4,0.5,733.929126073655,ili perc,quantile
HHS Region 2,2019-02-23,2019-03-23,4,0.55,733.929126073655,ili perc,quantile
HHS Region 2,2019-02-23,2019-03-23,4,0.6,733.929126073655,ili perc,quantile
HHS Region 2,2019-02-23,2019-03-23,4,0.65,733.929126073655,ili perc,quantile
HHS Region 2,2019-02-23,2019-03-23,4,0.7,733.929126073655,ili perc,quantile
HHS Region 2,2019-02-23,2019-03-23,4,0.75,733.929126073655,ili perc,quantile
HHS Region 2,2019-02-23,2019-03-23,4,0.8,733.929126073655,ili perc,quantile
HHS Region 2,2019-02-23,2019-03-23,4,0.85,733.929126073655,ili perc,quantile
HHS Region 2,2019-02-23,2019-03-23,4,0.9,733.929126073655,ili perc,quantile
HHS Region 2,2019-02-23,2019-03-23,4,0.95,733.929126073655,ili perc,quantile
HHS Region 2,2019-02-23,2019-03-23,4,0.975,733.929126073655,ili perc,quantile
HHS Region 2,2019-02-23,2019-03-23,4,0.99,733.929126073655,ili perc,quantile
HHS Region 3,2019-02-23,2019-03-02,1,0.01,2.1153808932994,ili perc,quantile
HHS Region 3,2019-02-23,2019-03-02,1,0.025,2.21335127264467,ili perc,quantile
HHS Region 3,2019-02-23,2019-03-02,1,0.05,2.49975905517061,ili perc,quantile
HHS Region 3,2019-02-23,2019-03-02,1,0.1,2.7939534851547,ili perc,quantile
HHS Region 3,2019-02-23,2019-03-02,1,0.15,2.88493235489062,ili perc,quantile
HHS Region 3,2019-02-23,2019-03-02,1,0.2,3.08037630568225,ili perc,quantile
HHS Region 3,2019-02-23,2019-03-02,1,0.25,3.24663289907335,ili perc,quantile
HHS Region 3,2019-02-23,2019-03-02,1,0.3,3.34142055660192,ili perc,quantile
HHS Region 3,2019-02-23,2019-03-02,1,0.35,3.43047561805332,ili perc,quantile
HHS Region 3,2019-02-23,2019-03-02,1,0.4,3.57066058827013,ili perc,quantile
HHS Region 3,2019-02-23,2019-03-02,1,0.45,3.72376960341796,ili perc,quantile
HHS Region 3,2019-02-23,2019-03-02,1,0.5,489.219343433227,ili perc,quantile
HHS Region 3,2019-02-23,2019-03-02,1,0.55,489.219343433227,ili perc,quantile
HHS Region 3,2019-02-23,2019-03-02,1,0.6,489.219343433227,ili perc,quantile
HHS Region 3,2019-02-23,2019-03-02,1,0.65,489.219343433227,ili perc,quantile
HHS Region 3,2019-02-23,2019-03-02,1,0.7,489.219343433227,ili perc,quantile
HHS Region 3,2019-02-23,2019-03-02,1,0.75,489.219343433227,ili perc,quantile
HHS Region 3,2019-02-23,2019-03-02,1,0.8,489.219343433227,ili perc,quantile
HHS Region 3,2019-02-23,2019-03-02,1,0.85,489.219343433227,ili perc,quantile
HHS Region 3,2019-02-23,2019-03-02,1,0.9,489.219343433227,ili perc,quantile
HHS Region 3,2019-02-23,2019-03-02,1,0.95,489.219343433227,ili perc,quantile
HHS Region 3,2019-02-23,2019-03-02,1,0.975,489.219343433227,ili perc,quantile
HHS Region 3,2019-02-23,2019-03-02,1,0.99,489.219343433227,ili perc,quantile
HHS Region 3,2019-02-23,2019-03-09,2,0.01,2.06073924687252,ili perc,quantile
HHS Region 3,2019-02-23,2019-03-09,2,0.025,2.16967038303119,ili perc,quantile
HHS Region 3,2019-02-23,2019-03-09,2,0.05,2.4435658784214,ili perc,quantile
HHS Region 3,2019-02-23,2019-03-09,2,0.1,2.72611814589209,ili perc,quantile
HHS Region 3,2019-02-23,2019-03-09,2,0.15,2.81350983889649,ili perc,quantile
HHS Region 3,2019-02-23,2019-03-09,2,0.2,3.0043695811853,ili perc,quantile
HHS Region 3,2019-02-23,2019-03-09,2,0.25,3.17360818179878,ili perc,quantile
HHS Region 3,2019-02-23,2019-03-09,2,0.3,3.27371655546739,ili perc,quantile
HHS Region 3,2019-02-23,2019-03-09,2,0.35,3.37988812119471,ili perc,quantile
HHS Region 3,2019-02-23,2019-03-09,2,0.4,3.5191298944863,ili perc,quantile
HHS Region 3,2019-02-23,2019-03-09,2,0.45,3.6756350065873,ili perc,quantile
HHS Region 3,2019-02-23,2019-03-09,2,0.5,386.901702251519,ili perc,quantile
HHS Region 3,2019-02-23,2019-03-09,2,0.55,386.901702251519,ili perc,quantile
HHS Region 3,2019-02-23,2019-03-09,2,0.6,386.901702251519,ili perc,quantile
HHS Region 3,2019-02-23,2019-03-09,2,0.65,386.901702251519,ili perc,quantile
HHS Region 3,2019-02-23,2019-03-09,2,0.7,386.901702251519,ili perc,quantile
HHS Region 3,2019-02-23,2019-03-09,2,0.75,386.901702251519,ili perc,quantile
HHS Region 3,2019-02-23,2019-03-09,2,0.8,386.901702251519,ili perc,quantile
HHS Region 3,2019-02-23,2019-03-09,2,0.85,386.901702251519,ili perc,quantile
HHS Region 3,2019-02-23,2019-03-09,2,0.9,386.901702251519,ili perc,quantile
HHS Region 3,2019-02-23,2019-03-09,2,0.95,386.901702251519,ili perc,quantile
HHS Region 3,2019-02-23,2019-03-09,2,0.975,386.901702251519,ili perc,quantile
HHS Region 3,2019-02-23,2019-03-09,2,0.99,386.901702251519,ili perc,quantile
HHS Region 3,2019-02-23,2019-03-16,3,0.01,1.99799699854196,ili perc,quantile
HHS Region 3,2019-02-23,2019-03-16,3,0.025,2.11773563095397,ili perc,quantile
HHS Region 3,2019-02-23,2019-03-16,3,0.05,2.38053371852442,ili perc,quantile
HHS Region 3,2019-02-23,2019-03-16,3,0.1,2.65280352982671,ili perc,quantile
HHS Region 3,2019-02-23,2019-03-16,3,0.15,2.73718869254498,ili perc,quantile
HHS Region 3,2019-02-23,2019-03-16,3,0.2,2.92210547049831,ili perc,quantile
HHS Region 3,2019-02-23,2019-03-16,3,0.25,3.09528153298766,ili perc,quantile
HHS Region 3,2019-02-23,2019-03-16,3,0.3,3.20118140871392,ili perc,quantile
HHS Region 3,2019-02-23,2019-03-16,3,0.35,3.32507871410866,ili perc,quantile
HHS Region 3,2019-02-23,2019-03-16,3,0.4,3.46334444246258,ili perc,quantile
HHS Region 3,2019-02-23,2019-03-16,3,0.45,3.62382361234688,ili perc,quantile
HHS Region 3,2019-02-23,2019-03-16,3,0.5,264.488209422229,ili perc,quantile
HHS Region 3,2019-02-23,2019-03-16,3,0.55,264.488209422229,ili perc,quantile
HHS Region 3,2019-02-23,2019-03-16,3,0.6,264.488209422229,ili perc,quantile
HHS Region 3,2019-02-23,2019-03-16,3,0.65,264.488209422229,ili perc,quantile
HHS Region 3,2019-02-23,2019-03-16,3,0.7,264.488209422229,ili perc,quantile
HHS Region 3,2019-02-23,2019-03-16,3,0.75,264.488209422229,ili perc,quantile
HHS Region 3,2019-02-23,2019-03-16,3,0.8,264.488209422229,ili perc,quantile
HHS Region 3,2019-02-23,2019-03-16,3,0.85,264.488209422229,ili perc,quantile
HHS Region 3,2019-02-23,2019-03-16,3,0.9,264.488209422229,ili perc,quantile
HHS Region 3,2019-02-23,2019-03-16,3,0.95,264.488209422229,ili perc,quantile
HHS Region 3,2019-02-23,2019-03-16,3,0.975,264.488209422229,ili perc,quantile
HHS Region 3,2019-02-23,2019-03-16,3,0.99,264.488209422229,ili perc,quantile
HHS Region 3,2019-02-23,2019-03-23,4,0.01,1.9796930554723,ili perc,quantile
HHS Region 3,2019-02-23,2019-03-23,4,0.025,2.11107994135986,ili perc,quantile
HHS Region 3,2019-02-23,2019-03-23,4,0.05,2.35501887208238,ili perc,quantile
HHS Region 3,2019-02-23,2019-03-23,4,0.1,2.60954714623188,ili perc,quantile
HHS Region 3,2019-02-23,2019-03-23,4,0.15,2.68774046672098,ili perc,quantile
HHS Region 3,2019-02-23,2019-03-23,4,0.2,2.87416814700049,ili perc,quantile
HHS Region 3,2019-02-23,2019-03-23,4,0.25,3.04604023547418,ili perc,quantile
HHS Region 3,2019-02-23,2019-03-23,4,0.3,3.15514897451564,ili perc,quantile
HHS Region 3,2019-02-23,2019-03-23,4,0.35,3.29342987431167,ili perc,quantile
HHS Region 3,2019-02-23,2019-03-23,4,0.4,3.43089975544945,ili perc,quantile
HHS Region 3,2019-02-23,2019-03-23,4,0.45,3.59218240393022,ili perc,quantile
HHS Region 3,2019-02-23,2019-03-23,4,0.5,252.316597457266,ili perc,quantile
HHS Region 3,2019-02-23,2019-03-23,4,0.55,252.316597457266,ili perc,quantile
HHS Region 3,2019-02-23,2019-03-23,4,0.6,252.316597457266,ili perc,quantile
HHS Region 3,2019-02-23,2019-03-23,4,0.65,252.316597457266,ili perc,quantile
HHS Region 3,2019-02-23,2019-03-23,4,0.7,252.316597457266,ili perc,quantile
HHS Region 3,2019-02-23,2019-03-23,4,0.75,252.316597457266,ili perc,quantile
HHS Region 3,2019-02-23,2019-03-23,4,0.8,252.316597457266,ili perc,quantile
HHS Region 3,2019-02-23,2019-03-23,4,0.85,252.316597457266,ili perc,quantile
HHS Region 3,2019-02-23,2019-03-23,4,0.9,252.316597457266,ili perc,quantile
HHS Region 3,2019-02-23,2019-03-23,4,0.95,252.316597457266,ili perc,quantile
HHS Region 3,2019-02-23,2019-03-23,4,0.975,252.316597457266,ili perc,quantile
HHS Region 3,2019-02-23,2019-03-23,4,0.99,252.316597457266,ili perc,quantile
HHS Region 4,2019-02-23,2019-03-02,1,0.01,2.19640654663431,ili perc,quantile
HHS Region 4,2019-02-23,2019-03-02,1,0.025,2.30848249692008,ili perc,quantile
HHS Region 4,2019-02-23,2019-03-02,1,0.05,2.52168025890217,ili perc,quantile
HHS Region 4,2019-02-23,2019-03-02,1,0.1,2.81049269043592,ili perc,quantile
HHS Region 4,2019-02-23,2019-03-02,1,0.15,2.95504260800794,ili perc,quantile
HHS Region 4,2019-02-23,2019-03-02,1,0.2,3.18299903150137,ili perc,quantile
HHS Region 4,2019-02-23,2019-03-02,1,0.25,3.34418396135243,ili perc,quantile
HHS Region 4,2019-02-23,2019-03-02,1,0.3,3.47419754814314,ili perc,quantile
HHS Region 4,2019-02-23,2019-03-02,1,0.35,3.4959284957007,ili perc,quantile
HHS Region 4,2019-02-23,2019-03-02,1,0.4,3.60408851376803,ili perc,quantile
HHS Region 4,2019-02-23,2019-03-02,1,0.45,3.73953747714745,ili perc,quantile
HHS Region 4,2019-02-23,2019-03-02,1,0.5,659.619810772829,ili perc,quantile
HHS Region 4,2019-02-23,2019-03-02,1,0.55,659.619810772829,ili perc,quantile
HHS Region 4,2019-02-23,2019-03-02,1,0.6,659.619810772829,ili perc,quantile
HHS Region 4,2019-02-23,2019-03-02,1,0.65,659.619810772829,ili perc,quantile
HHS Region 4,2019-02-23,2019-03-02,1,0.7,659.619810772829,ili perc,quantile
HHS Region 4,2019-02-23,2019-03-02,1,0.75,659.619810772829,ili perc,quantile
HHS Region 4,2019-02-23,2019-03-02,1,0.8,659.619810772829,ili perc,quantile
HHS Region 4,2019-02-23,2019-03-02,1,0.85,659.619810772829,ili perc,quantile
HHS Region 4,2019-02-23,2019-03-02,1,0.9,659.619810772829,ili perc,quantile
HHS Region 4,2019-02-23,2019-03-02,1,0.95,659.619810772829,ili perc,quantile
HHS Region 4,2019-02-23,2019-03-02,1,0.975,659.619810772829,ili perc,quantile
HHS Region 4,2019-02-23,2019-03-02,1,0.99,659.619810772829,ili perc,quantile
HHS Region 4,2019-02-23,2019-03-09,2,0.01,2.15963731365014,ili perc,quantile
HHS Region 4,2019-02-23,2019-03-09,2,0.025,2.28301216057241,ili perc,quantile
HHS Region 4,2019-02-23,2019-03-09,2,0.05,2.48057597749641,ili perc,quantile
HHS Region 4,2019-02-23,2019-03-09,2,0.1,2.75474631709847,ili perc,quantile
HHS Region 4,2019-02-23,2019-03-09,2,0.15,2.894427973711,ili perc,quantile
HHS Region 4,2019-02-23,2019-03-09,2,0.2,3.12079802099834,ili perc,quantile
HHS Region 4,2019-02-23,2019-03-09,2,0.25,3.28285693192765,ili perc,quantile
HHS Region 4,2019-02-23,2019-03-09,2,0.3,3.41715253666541,ili perc,quantile
HHS Region 4,2019-02-23,2019-03-09,2,0.35,3.45465582828319,ili perc,quantile
HHS Region 4,2019-02-23,2019-03-09,2,0.4,3.56194512222032,ili perc,quantile
HHS Region 4,2019-02-23,2019-03-09,2,0.45,3.6995150236163,ili perc,quantile
HHS Region 4,2019-02-23,2019-03-09,2,0.5,601.639784672166,ili perc,quantile
HHS Region 4,2019-02-23,2019-03-09,2,0.55,601.639784672166,ili perc,quantile
HHS Region 4,2019-02-23,2019-03-09,2,0.6,601.639784672166,ili perc,quantile
HHS Region 4,2019-02-23,2019-03-09,2,0.65,601.639784672166,ili perc,quantile
HHS Region 4,2019-02-23,2019-03-09,2,0.7,601.639784672166,ili perc,quantile
HHS Region 4,2019-02-23,2019-03-09,2,0.75,601.639784672166,ili perc,quantile
HHS Region 4,2019-02-23,2019-03-09,2,0.8,601.639784672166,ili perc,quantile
HHS Region 4,2019-02-23,2019-03-09,2,0.85,601.639784672166,ili perc,quantile
HHS Region 4,2019-02-23,2019-03-09,2,0.9,601.639784672166,ili perc,quantile
HHS Region 4,2019-02-23,2019-03-09,2,0.95,601.639784672166,ili perc,quantile
HHS Region 4,2019-02-23,2019-03-09,2,0.975,601.639784672166,ili perc,quantile
HHS Region 4,2019-02-23,2019-03-09,2,0.99,601.639784672166,ili perc,quantile
HHS Region 4,2019-02-23,2019-03-16,3,0.01,2.1304320247441,ili perc,quantile
HHS Region 4,2019-02-23,2019-03-16,3,0.025,2.2652488754843,ili perc,quantile
HHS Region 4,2019-02-23,2019-03-16,3,0.05,2.44585760255745,ili perc,quantile
HHS Region 4,2019-02-23,2019-03-16,3,0.1,2.70411622324457,ili perc,quantile
HHS Region 4,2019-02-23,2019-03-16,3,0.15,2.8383874397739,ili perc,quantile
HHS Region 4,2019-02-23,2019-03-16,3,0.2,3.06443985029659,ili perc,quantile
HHS Region 4,2019-02-23,2019-03-16,3,0.25,3.22648058568973,ili perc,quantile
HHS Region 4,2019-02-23,2019-03-16,3,0.3,3.36461861161445,ili perc,quantile
HHS Region 4,2019-02-23,2019-03-16,3,0.35,3.41732537321525,ili perc,quantile
HHS Region 4,2019-02-23,2019-03-16,3,0.4,3.5237746148822,ili perc,quantile
HHS Region 4,2019-02-23,2019-03-16,3,0.45,3.66292578286675,ili perc,quantile
HHS Region 4,2019-02-23,2019-03-16,3,0.5,562.424277538232,ili perc,quantile
HHS Region 4,2019-02-23,2019-03-16,3,0.55,562.424277538232,ili perc,quantile
HHS Region 4,2019-02-23,2019-03-16,3,0.6,562.424277538232,ili perc,quantile
HHS Region 4,2019-02-23,2019-03-16,3,0.65,562.424277538232,ili perc,quantile
HHS Region 4,2019-02-23,2019-03-16,3,0.7,562.424277538232,ili perc,quantile
HHS Region 4,2019-02-23,2019-03-16,3,0.75,562.424277538232,ili perc,quantile
HHS Region 4,2019-02-23,2019-03-16,3,0.8,562.424277538232,ili perc,quantile
HHS Region 4,2019-02-23,2019-03-16,3,0.85,562.424277538232,ili perc,quantile
HHS Region 4,2019-02-23,2019-03-16,3,0.9,562.424277538232,ili perc,quantile
HHS Region 4,2019-02-23,2019-03-16,3,0.95,562.424277538232,ili perc,quantile
HHS Region 4,2019-02-23,2019-03-16,3,0.975,562.424277538232,ili perc,quantile
HHS Region 4,2019-02-23,2019-03-16,3,0.99,562.424277538232,ili perc,quantile
HHS Region 4,2019-02-23,2019-03-23,4,0.01,2.09334334811371,ili perc,quantile
HHS Region 4,2019-02-23,2019-03-23,4,0.025,2.23945305172828,ili perc,quantile
HHS Region 4,2019-02-23,2019-03-23,4,0.05,2.4044836288827,ili perc,quantile
HHS Region 4,2019-02-23,2019-03-23,4,0.1,2.6481537770548,ili perc,quantile
HHS Region 4,2019-02-23,2019-03-23,4,0.15,2.77757963015989,ili perc,quantile
HHS Region 4,2019-02-23,2019-03-23,4,0.2,3.00199208254253,ili perc,quantile
HHS Region 4,2019-02-23,2019-03-23,4,0.25,3.16494447694464,ili perc,quantile
HHS Region 4,2019-02-23,2019-03-23,4,0.3,3.30738308605049,ili perc,quantile
HHS Region 4,2019-02-23,2019-03-23,4,0.35,3.37588621663883,ili perc,quantile
HHS Region 4,2019-02-23,2019-03-23,4,0.4,3.481463438829,ili perc,quantile
HHS Region 4,2019-02-23,2019-03-23,4,0.45,3.62275833645936,ili perc,quantile
HHS Region 4,2019-02-23,2019-03-23,4,0.5,503.651780434115,ili perc,quantile
HHS Region 4,2019-02-23,2019-03-23,4,0.55,503.651780434115,ili perc,quantile
HHS Region 4,2019-02-23,2019-03-23,4,0.6,503.651780434115,ili perc,quantile
HHS Region 4,2019-02-23,2019-03-23,4,0.65,503.651780434115,ili perc,quantile
HHS Region 4,2019-02-23,2019-03-23,4,0.7,503.651780434115,ili perc,quantile
HHS Region 4,2019-02-23,2019-03-23,4,0.75,503.651780434115,ili perc,quantile
HHS Region 4,2019-02-23,2019-03-23,4,0.8,503.651780434115,ili perc,quantile
HHS Region 4,2019-02-23,2019-03-23,4,0.85,503.651780434115,ili perc,quantile
HHS Region 4,2019-02-23,2019-03-23,4,0.9,503.651780434115,ili perc,quantile
HHS Region 4,2019-02-23,2019-03-23,4,0.95,503.651780434115,ili perc,quantile
HHS Region 4,2019-02-23,2019-03-23,4,0.975,503.651780434115,ili perc,quantile
HHS Region 4,2019-02-23,2019-03-23,4,0.99,503.651780434115,ili perc,quantile
HHS Region 5,2019-02-23,2019-03-02,1,0.01,1.502436238477,ili perc,quantile
HHS Region 5,2019-02-23,2019-03-02,1,0.025,1.502436238477,ili perc,quantile
HHS Region 5,2019-02-23,2019-03-02,1,0.05,1.69630274783175,ili perc,quantile
HHS Region 5,2019-02-23,2019-03-02,1,0.1,1.90962234688598,ili perc,quantile
HHS Region 5,2019-02-23,2019-03-02,1,0.15,1.98222233490668,ili perc,quantile
HHS Region 5,2019-02-23,2019-03-02,1,0.2,2.09593077727024,ili perc,quantile
HHS Region 5,2019-02-23,2019-03-02,1,0.25,2.24712282167896,ili perc,quantile
HHS Region 5,2019-02-23,2019-03-02,1,0.3,2.32917342993801,ili perc,quantile
HHS Region 5,2019-02-23,2019-03-02,1,0.35,2.4071001982488,ili perc,quantile
HHS Region 5,2019-02-23,2019-03-02,1,0.4,2.50326061231051,ili perc,quantile
HHS Region 5,2019-02-23,2019-03-02,1,0.45,2.58094352285768,ili perc,quantile
HHS Region 5,2019-02-23,2019-03-02,1,0.5,86.1448183042646,ili perc,quantile
HHS Region 5,2019-02-23,2019-03-02,1,0.55,86.1448183042646,ili perc,quantile
HHS Region 5,2019-02-23,2019-03-02,1,0.6,86.1448183042646,ili perc,quantile
HHS Region 5,2019-02-23,2019-03-02,1,0.65,86.1448183042646,ili perc,quantile
HHS Region 5,2019-02-23,2019-03-02,1,0.7,86.1448183042646,ili perc,quantile
HHS Region 5,2019-02-23,2019-03-02,1,0.75,86.1448183042646,ili perc,quantile
HHS Region 5,2019-02-23,2019-03-02,1,0.8,86.1448183042646,ili perc,quantile
HHS Region 5,2019-02-23,2019-03-02,1,0.85,86.1448183042646,ili perc,quantile
HHS Region 5,2019-02-23,2019-03-02,1,0.9,86.1448183042646,ili perc,quantile
HHS Region 5,2019-02-23,2019-03-02,1,0.95,86.1448183042646,ili perc,quantile
HHS Region 5,2019-02-23,2019-03-02,1,0.975,86.1448183042646,ili perc,quantile
HHS Region 5,2019-02-23,2019-03-02,1,0.99,86.1448183042646,ili perc,quantile
HHS Region 5,2019-02-23,2019-03-09,2,0.01,1.49176700185817,ili perc,quantile
HHS Region 5,2019-02-23,2019-03-09,2,0.025,1.49176700185817,ili perc,quantile
HHS Region 5,2019-02-23,2019-03-09,2,0.05,1.67230216977146,ili perc,quantile
HHS Region 5,2019-02-23,2019-03-09,2,0.1,1.86757916932439,ili perc,quantile
HHS Region 5,2019-02-23,2019-03-09,2,0.15,1.93385875001586,ili perc,quantile
HHS Region 5,2019-02-23,2019-03-09,2,0.2,2.04937894659425,ili perc,quantile
HHS Region 5,2019-02-23,2019-03-09,2,0.25,2.19905546290956,ili perc,quantile
HHS Region 5,2019-02-23,2019-03-09,2,0.3,2.28421069439243,ili perc,quantile
HHS Region 5,2019-02-23,2019-03-09,2,0.35,2.37638616192037,ili perc,quantile
HHS Region 5,2019-02-23,2019-03-09,2,0.4,2.4717580018803,ili perc,quantile
HHS Region 5,2019-02-23,2019-03-09,2,0.45,2.55011642056526,ili perc,quantile
HHS Region 5,2019-02-23,2019-03-09,2,0.5,78.4227731966972,ili perc,quantile
HHS Region 5,2019-02-23,2019-03-09,2,0.55,78.4227731966972,ili perc,quantile
HHS Region 5,2019-02-23,2019-03-09,2,0.6,78.4227731966972,ili perc,quantile
HHS Region 5,2019-02-23,2019-03-09,2,0.65,78.4227731966972,ili perc,quantile
HHS Region 5,2019-02-23,2019-03-09,2,0.7,78.4227731966972,ili perc,quantile
HHS Region 5,2019-02-23,2019-03-09,2,0.75,78.4227731966972,ili perc,quantile
HHS Region 5,2019-02-23,2019-03-09,2,0.8,78.4227731966972,ili perc,quantile
HHS Region 5,2019-02-23,2019-03-09,2,0.85,78.4227731966972,ili perc,quantile
HHS Region 5,2019-02-23,2019-03-09,2,0.9,78.4227731966972,ili perc,quantile
HHS Region 5,2019-02-23,2019-03-09,2,0.95,78.4227731966972,ili perc,quantile
HHS Region 5,2019-02-23,2019-03-09,2,0.975,78.4227731966972,ili perc,quantile
HHS Region 5,2019-02-23,2019-03-09,2,0.99,78.4227731966972,ili perc,quantile
HHS Region 5,2019-02-23,2019-03-16,3,0.01,1.47455892656549,ili perc,quantile
HHS Region 5,2019-02-23,2019-03-16,3,0.025,1.47907010912847,ili perc,quantile
HHS Region 5,2019-02-23,2019-03-16,3,0.05,1.64471932131989,ili perc,quantile
HHS Region 5,2019-02-23,2019-03-16,3,0.1,1.82266593774572,ili perc,quantile
HHS Region 5,2019-02-23,2019-03-16,3,0.15,1.88292925465154,ili perc,quantile
HHS Region 5,2019-02-23,2019-03-16,3,0.2,1.99954948695046,ili perc,quantile
HHS Region 5,2019-02-23,2019-03-16,3,0.25,2.14821094385927,ili perc,quantile
HHS Region 5,2019-02-23,2019-03-16,3,0.3,2.236717396988,ili perc,quantile
HHS Region 5,2019-02-23,2019-03-16,3,0.35,2.34346068221276,ili perc,quantile
HHS Region 5,2019-02-23,2019-03-16,3,0.4,2.43802674222905,ili perc,quantile
HHS Region 5,2019-02-23,2019-03-16,3,0.45,2.51736340586579,ili perc,quantile
HHS Region 5,2019-02-23,2019-03-16,3,0.5,60.1744886191909,ili perc,quantile
HHS Region 5,2019-02-23,2019-03-16,3,0.55,60.1744886191909,ili perc,quantile
HHS Region 5,2019-02-23,2019-03-16,3,0.6,60.1744886191909,ili perc,quantile
HHS Region 5,2019-02-23,2019-03-16,3,0.65,60.1744886191909,ili perc,quantile
HHS Region 5,2019-02-23,2019-03-16,3,0.7,60.1744886191909,ili perc,quantile
HHS Region 5,2019-02-23,2019-03-16,3,0.75,60.1744886191909,ili perc,quantile
HHS Region 5,2019-02-23,2019-03-16,3,0.8,60.1744886191909,ili perc,quantile
HHS Region 5,2019-02-23,2019-03-16,3,0.85,60.1744886191909,ili perc,quantile
HHS Region 5,2019-02-23,2019-03-16,3,0.9,60.1744886191909,ili perc,quantile
HHS Region 5,2019-02-23,2019-03-16,3,0.95,60.1744886191909,ili perc,quantile
HHS Region 5,2019-02-23,2019-03-16,3,0.975,60.1744886191909,ili perc,quantile
HHS Region 5,2019-02-23,2019-03-16,3,0.99,60.1744886191909,ili perc,quantile
HHS Region 5,2019-02-23,2019-03-23,4,0.01,1.45387151779262,ili perc,quantile
HHS Region 5,2019-02-23,2019-03-23,4,0.025,1.46998585949213,ili perc,quantile
HHS Region 5,2019-02-23,2019-03-23,4,0.05,1.61719221924913,ili perc,quantile
HHS Region 5,2019-02-23,2019-03-23,4,0.1,1.77779736921773,ili perc,quantile
HHS Region 5,2019-02-23,2019-03-23,4,0.15,1.83203968933344,ili perc,quantile
HHS Region 5,2019-02-23,2019-03-23,4,0.2,1.94977103293509,ili perc,quantile
HHS Region 5,2019-02-23,2019-03-23,4,0.25,2.097409642271,ili perc,quantile
HHS Region 5,2019-02-23,2019-03-23,4,0.3,2.18926347954366,ili perc,quantile
HHS Region 5,2019-02-23,2019-03-23,4,0.35,2.31056961642462,ili perc,quantile
HHS Region 5,2019-02-23,2019-03-23,4,0.4,2.40433016425018,ili perc,quantile
HHS Region 5,2019-02-23,2019-03-23,4,0.45,2.48464036172538,ili perc,quantile
HHS Region 5,2019-02-23,2019-03-23,4,0.5,42.0900107032849,ili perc,quantile
HHS Region 5,2019-02-23,2019-03-23,4,0.55,42.0900107032849,ili perc,quantile
HHS Region 5,2019-02-23,2019-03-23,4,0.6,42.0900107032849,ili perc,quantile
HHS Region 5,2019-02-23,2019-03-23,4,0.65,42.0900107032849,ili perc,quantile
HHS Region 5,2019-02-23,2019-03-23,4,0.7,42.0900107032849,ili perc,quantile
HHS Region 5,2019-02-23,2019-03-23,4,0.75,42.0900107032849,ili perc,quantile
HHS Region 5,2019-02-23,2019-03-23,4,0.8,42.0900107032849,ili perc,quantile
HHS Region 5,2019-02-23,2019-03-23,4,0.85,42.0900107032849,ili perc,quantile
HHS Region 5,2019-02-23,2019-03-23,4,0.9,42.0900107032849,ili perc,quantile
HHS Region 5,2019-02-23,2019-03-23,4,0.95,42.0900107032849,ili perc,quantile
HHS Region 5,2019-02-23,2019-03-23,4,0.975,42.0900107032849,ili perc,quantile
HHS Region 5,2019-02-23,2019-03-23,4,0.99,42.0900107032849,ili perc,quantile
HHS Region 6,2019-02-23,2019-03-02,1,0.01,6.18933828228,ili perc,quantile
HHS Region 6,2019-02-23,2019-03-02,1,0.025,6.26114225589148,ili perc,quantile
HHS Region 6,2019-02-23,2019-03-02,1,0.05,6.26114225589148,ili perc,quantile
HHS Region 6,2019-02-23,2019-03-02,1,0.1,6.26114225589148,ili perc,quantile
HHS Region 6,2019-02-23,2019-03-02,1,0.15,6.2811198168456,ili perc,quantile
HHS Region 6,2019-02-23,2019-03-02,1,0.2,6.91711979394131,ili perc,quantile
HHS Region 6,2019-02-23,2019-03-02,1,0.25,6.93510316941653,ili perc,quantile
HHS Region 6,2019-02-23,2019-03-02,1,0.3,6.93510316941653,ili perc,quantile
HHS Region 6,2019-02-23,2019-03-02,1,0.35,6.93510316941653,ili perc,quantile
HHS Region 6,2019-02-23,2019-03-02,1,0.4,7.07193061690487,ili perc,quantile
HHS Region 6,2019-02-23,2019-03-02,1,0.45,7.13642870428794,ili perc,quantile
HHS Region 6,2019-02-23,2019-03-02,1,0.5,5863.19824599462,ili perc,quantile
HHS Region 6,2019-02-23,2019-03-02,1,0.55,5863.19824599462,ili perc,quantile
HHS Region 6,2019-02-23,2019-03-02,1,0.6,5863.19824599462,ili perc,quantile
HHS Region 6,2019-02-23,2019-03-02,1,0.65,5863.19824599462,ili perc,quantile
HHS Region 6,2019-02-23,2019-03-02,1,0.7,5863.19824599462,ili perc,quantile
HHS Region 6,2019-02-23,2019-03-02,1,0.75,5863.19824599462,ili perc,quantile
HHS Region 6,2019-02-23,2019-03-02,1,0.8,5863.19824599462,ili perc,quantile
HHS Region 6,2019-02-23,2019-03-02,1,0.85,5863.19824599462,ili perc,quantile
HHS Region 6,2019-02-23,2019-03-02,1,0.9,5863.19824599462,ili perc,quantile
HHS Region 6,2019-02-23,2019-03-02,1,0.95,5863.19824599462,ili perc,quantile
HHS Region 6,2019-02-23,2019-03-02,1,0.975,5863.19824599462,ili perc,quantile
HHS Region 6,2019-02-23,2019-03-02,1,0.99,5863.19824599462,ili perc,quantile
HHS Region 6,2019-02-23,2019-03-09,2,0.01,5.72923565998371,ili perc,quantile
HHS Region 6,2019-02-23,2019-03-09,2,0.025,5.83605239139342,ili perc,quantile
HHS Region 6,2019-02-23,2019-03-09,2,0.05,5.83605239139342,ili perc,quantile
HHS Region 6,2019-02-23,2019-03-09,2,0.1,5.91391220279274,ili perc,quantile
HHS Region 6,2019-02-23,2019-03-09,2,0.15,5.96450521898532,ili perc,quantile
HHS Region 6,2019-02-23,2019-03-09,2,0.2,6.52791092209645,ili perc,quantile
HHS Region 6,2019-02-23,2019-03-09,2,0.25,6.5975085559212,ili perc,quantile
HHS Region 6,2019-02-23,2019-03-09,2,0.3,6.6489859044973,ili perc,quantile
HHS Region 6,2019-02-23,2019-03-09,2,0.35,6.6489859044973,ili perc,quantile
HHS Region 6,2019-02-23,2019-03-09,2,0.4,6.80743569545302,ili perc,quantile
HHS Region 6,2019-02-23,2019-03-09,2,0.45,6.90425866371879,ili perc,quantile
HHS Region 6,2019-02-23,2019-03-09,2,0.5,4755.01910009021,ili perc,quantile
HHS Region 6,2019-02-23,2019-03-09,2,0.55,4755.01910009021,ili perc,quantile
HHS Region 6,2019-02-23,2019-03-09,2,0.6,4755.01910009021,ili perc,quantile
HHS Region 6,2019-02-23,2019-03-09,2,0.65,4755.01910009021,ili perc,quantile
HHS Region 6,2019-02-23,2019-03-09,2,0.7,4755.01910009021,ili perc,quantile
HHS Region 6,2019-02-23,2019-03-09,2,0.75,4755.01910009021,ili perc,quantile
HHS Region 6,2019-02-23,2019-03-09,2,0.8,4755.01910009021,ili perc,quantile
HHS Region 6,2019-02-23,2019-03-09,2,0.85,4755.01910009021,ili perc,quantile
HHS Region 6,2019-02-23,2019-03-09,2,0.9,4755.01910009021,ili perc,quantile
HHS Region 6,2019-02-23,2019-03-09,2,0.95,4755.01910009021,ili perc,quantile
HHS Region 6,2019-02-23,2019-03-09,2,0.975,4755.01910009021,ili perc,quantile
HHS Region 6,2019-02-23,2019-03-09,2,0.99,4755.01910009021,ili perc,quantile
HHS Region 6,2019-02-23,2019-03-16,3,0.01,5.29718318338564,ili perc,quantile
HHS Region 6,2019-02-23,2019-03-16,3,0.025,5.4090337097241,ili perc,quantile
HHS Region 6,2019-02-23,2019-03-16,3,0.05,5.46001427291503,ili perc,quantile
HHS Region 6,2019-02-23,2019-03-16,3,0.1,5.59079479542152,ili perc,quantile
HHS Region 6,2019-02-23,2019-03-16,3,0.15,5.66485322426115,ili perc,quantile
HHS Region 6,2019-02-23,2019-03-16,3,0.2,6.160369649328,ili perc,quantile
HHS Region 6,2019-02-23,2019-03-16,3,0.25,6.27746436941379,ili perc,quantile
HHS Region 6,2019-02-23,2019-03-16,3,0.3,6.3789471031539,ili perc,quantile
HHS Region 6,2019-02-23,2019-03-16,3,0.35,6.3789471031539,ili perc,quantile
HHS Region 6,2019-02-23,2019-03-16,3,0.4,6.55767382593604,ili perc,quantile
HHS Region 6,2019-02-23,2019-03-16,3,0.45,6.68482035645593,ili perc,quantile
HHS Region 6,2019-02-23,2019-03-16,3,0.5,3716.42633472339,ili perc,quantile
HHS Region 6,2019-02-23,2019-03-16,3,0.55,3716.42633472339,ili perc,quantile
HHS Region 6,2019-02-23,2019-03-16,3,0.6,3716.42633472339,ili perc,quantile
HHS Region 6,2019-02-23,2019-03-16,3,0.65,3716.42633472339,ili perc,quantile
HHS Region 6,2019-02-23,2019-03-16,3,0.7,3716.42633472339,ili perc,quantile
HHS Region 6,2019-02-23,2019-03-16,3,0.75,3716.42633472339,ili perc,quantile
HHS Region 6,2019-02-23,2019-03-16,3,0.8,3716.42633472339,ili perc,quantile
HHS Region 6,2019-02-23,2019-03-16,3,0.85,3716.42633472339,ili perc,quantile
HHS Region 6,2019-02-23,2019-03-16,3,0.9,3716.42633472339,ili perc,quantile
HHS Region 6,2019-02-23,2019-03-16,3,0.95,3716.42633472339,ili perc,quantile
HHS Region 6,2019-02-23,2019-03-16,3,0.975,3716.42633472339,ili perc,quantile
HHS Region 6,2019-02-23,2019-03-16,3,0.99,3716.42633472339,ili perc,quantile
HHS Region 6,2019-02-23,2019-03-23,4,0.01,4.84857092749644,ili perc,quantile
HHS Region 6,2019-02-23,2019-03-23,4,0.025,4.96392842425075,ili perc,quantile
HHS Region 6,2019-02-23,2019-03-23,4,0.05,5.07120897784762,ili perc,quantile
HHS Region 6,2019-02-23,2019-03-23,4,0.1,5.25647629267542,ili perc,quantile
HHS Region 6,2019-02-23,2019-03-23,4,0.15,5.35518712953217,ili perc,quantile
HHS Region 6,2019-02-23,2019-03-23,4,0.2,5.78003661917091,ili perc,quantile
HHS Region 6,2019-02-23,2019-03-23,4,0.25,5.9465816283041,ili perc,quantile
HHS Region 6,2019-02-23,2019-03-23,4,0.3,6.07792455146318,ili perc,quantile
HHS Region 6,2019-02-23,2019-03-23,4,0.35,6.121385204332,ili perc,quantile
HHS Region 6,2019-02-23,2019-03-23,4,0.4,6.29921410183533,ili perc,quantile
HHS Region 6,2019-02-23,2019-03-23,4,0.45,6.45786569987285,ili perc,quantile
HHS Region 6,2019-02-23,2019-03-23,4,0.5,2636.75231738166,ili perc,quantile
HHS Region 6,2019-02-23,2019-03-23,4,0.55,2636.75231738166,ili perc,quantile
HHS Region 6,2019-02-23,2019-03-23,4,0.6,2636.75231738166,ili perc,quantile
HHS Region 6,2019-02-23,2019-03-23,4,0.65,2636.75231738166,ili perc,quantile
HHS Region 6,2019-02-23,2019-03-23,4,0.7,2636.75231738166,ili perc,quantile
HHS Region 6,2019-02-23,2019-03-23,4,0.75,2636.75231738166,ili perc,quantile
HHS Region 6,2019-02-23,2019-03-23,4,0.8,2636.75231738166,ili perc,quantile
HHS Region 6,2019-02-23,2019-03-23,4,0.85,2636.75231738166,ili perc,quantile
HHS Region 6,2019-02-23,2019-03-23,4,0.9,2636.75231738166,ili perc,quantile
HHS Region 6,2019-02-23,2019-03-23,4,0.95,2636.75231738166,ili perc,quantile
HHS Region 6,2019-02-23,2019-03-23,4,0.975,2636.75231738166,ili perc,quantile
HHS Region 6,2019-02-23,2019-03-23,4,0.99,2636.75231738166,ili perc,quantile
HHS Region 7,2019-02-23,2019-03-02,1,0.01,2.12386864036966,ili perc,quantile
HHS Region 7,2019-02-23,2019-03-02,1,0.025,2.12386864036966,ili perc,quantile
HHS Region 7,2019-02-23,2019-03-02,1,0.05,2.30151287637204,ili perc,quantile
HHS Region 7,2019-02-23,2019-03-02,1,0.1,2.5776383978864,ili perc,quantile
HHS Region 7,2019-02-23,2019-03-02,1,0.15,2.65011737445309,ili perc,quantile
HHS Region 7,2019-02-23,2019-03-02,1,0.2,2.9370626465427,ili perc,quantile
HHS Region 7,2019-02-23,2019-03-02,1,0.25,3.15635727229926,ili perc,quantile
HHS Region 7,2019-02-23,2019-03-02,1,0.3,3.268030135667,ili perc,quantile
HHS Region 7,2019-02-23,2019-03-02,1,0.35,3.40269265269944,ili perc,quantile
HHS Region 7,2019-02-23,2019-03-02,1,0.4,3.56273874089345,ili perc,quantile
HHS Region 7,2019-02-23,2019-03-02,1,0.45,3.73689416997536,ili perc,quantile
HHS Region 7,2019-02-23,2019-03-02,1,0.5,759.218308321415,ili perc,quantile
HHS Region 7,2019-02-23,2019-03-02,1,0.55,759.218308321415,ili perc,quantile
HHS Region 7,2019-02-23,2019-03-02,1,0.6,759.218308321415,ili perc,quantile
HHS Region 7,2019-02-23,2019-03-02,1,0.65,759.218308321415,ili perc,quantile
HHS Region 7,2019-02-23,2019-03-02,1,0.7,759.218308321415,ili perc,quantile
HHS Region 7,2019-02-23,2019-03-02,1,0.75,759.218308321415,ili perc,quantile
HHS Region 7,2019-02-23,2019-03-02,1,0.8,759.218308321415,ili perc,quantile
HHS Region 7,2019-02-23,2019-03-02,1,0.85,759.218308321415,ili perc,quantile
HHS Region 7,2019-02-23,2019-03-02,1,0.9,759.218308321415,ili perc,quantile
HHS Region 7,2019-02-23,2019-03-02,1,0.95,759.218308321415,ili perc,quantile
HHS Region 7,2019-02-23,2019-03-02,1,0.975,759.218308321415,ili perc,quantile
HHS Region 7,2019-02-23,2019-03-02,1,0.99,759.218308321415,ili perc,quantile
HHS Region 7,2019-02-23,2019-03-09,2,0.01,2.043789274723,ili perc,quantile
HHS Region 7,2019-02-23,2019-03-09,2,0.025,2.043789274723,ili perc,quantile
HHS Region 7,2019-02-23,2019-03-09,2,0.05,2.21946151877648,ili perc,quantile
HHS Region 7,2019-02-23,2019-03-09,2,0.1,2.48908592459793,ili perc,quantile
HHS Region 7,2019-02-23,2019-03-09,2,0.15,2.56017314741757,ili perc,quantile
HHS Region 7,2019-02-23,2019-03-09,2,0.2,2.83739675806885,ili perc,quantile
HHS Region 7,2019-02-23,2019-03-09,2,0.25,3.0632859630764,ili perc,quantile
HHS Region 7,2019-02-23,2019-03-09,2,0.3,3.18205958314422,ili perc,quantile
HHS Region 7,2019-02-23,2019-03-09,2,0.35,3.3361421221822,ili perc,quantile
HHS Region 7,2019-02-23,2019-03-09,2,0.4,3.49512081518526,ili perc,quantile
HHS Region 7,2019-02-23,2019-03-09,2,0.45,3.67485760989882,ili perc,quantile
HHS Region 7,2019-02-23,2019-03-09,2,0.5,580.918294477579,ili perc,quantile
HHS Region 7,2019-02-23,2019-03-09,2,0.55,580.918294477579,ili perc,quantile
HHS Region 7,2019-02-23,2019-03-09,2,0.6,580.918294477579,ili perc,quantile
HHS Region 7,2019-02-23,2019-03-09,2,0.65,580.918294477579,ili perc,quantile
HHS Region 7,2019-02-23,2019-03-09,2,0.7,580.918294477579,ili perc,quantile
HHS Region 7,2019-02-23,2019-03-09,2,0.75,580.918294477579,ili perc,quantile
HHS Region 7,2019-02-23,2019-03-09,2,0.8,580.918294477579,ili perc,quantile
HHS Region 7,2019-02-23,2019-03-09,2,0.85,580.918294477579,ili perc,quantile
HHS Region 7,2019-02-23,2019-03-09,2,0.9,580.918294477579,ili perc,quantile
HHS Region 7,2019-02-23,2019-03-09,2,0.95,580.918294477579,ili perc,quantile
HHS Region 7,2019-02-23,2019-03-09,2,0.975,580.918294477579,ili perc,quantile
HHS Region 7,2019-02-23,2019-03-09,2,0.99,580.918294477579,ili perc,quantile
HHS Region 7,2019-02-23,2019-03-16,3,0.01,1.93846881976566,ili perc,quantile
HHS Region 7,2019-02-23,2019-03-16,3,0.025,1.93846881976566,ili perc,quantile
HHS Region 7,2019-02-23,2019-03-16,3,0.05,2.11629991500649,ili perc,quantile
HHS Region 7,2019-02-23,2019-03-16,3,0.1,2.38362028166603,ili perc,quantile
HHS Region 7,2019-02-23,2019-03-16,3,0.15,2.45510806242282,ili perc,quantile
HHS Region 7,2019-02-23,2019-03-16,3,0.2,2.71841586909994,ili perc,quantile
HHS Region 7,2019-02-23,2019-03-16,3,0.25,2.95384890509831,ili perc,quantile
HHS Region 7,2019-02-23,2019-03-16,3,0.3,3.081176481326,ili perc,quantile
HHS Region 7,2019-02-23,2019-03-16,3,0.35,3.2565596010453,ili perc,quantile
HHS Region 7,2019-02-23,2019-03-16,3,0.4,3.41436950518278,ili perc,quantile
HHS Region 7,2019-02-23,2019-03-16,3,0.45,3.60147168738337,ili perc,quantile
HHS Region 7,2019-02-23,2019-03-16,3,0.5,340.587366650457,ili perc,quantile
HHS Region 7,2019-02-23,2019-03-16,3,0.55,340.587366650457,ili perc,quantile
HHS Region 7,2019-02-23,2019-03-16,3,0.6,340.587366650457,ili perc,quantile
HHS Region 7,2019-02-23,2019-03-16,3,0.65,340.587366650457,ili perc,quantile
HHS Region 7,2019-02-23,2019-03-16,3,0.7,340.587366650457,ili perc,quantile
HHS Region 7,2019-02-23,2019-03-16,3,0.75,340.587366650457,ili perc,quantile
HHS Region 7,2019-02-23,2019-03-16,3,0.8,340.587366650457,ili perc,quantile
HHS Region 7,2019-02-23,2019-03-16,3,0.85,340.587366650457,ili perc,quantile
HHS Region 7,2019-02-23,2019-03-16,3,0.9,340.587366650457,ili perc,quantile
HHS Region 7,2019-02-23,2019-03-16,3,0.95,340.587366650457,ili perc,quantile
HHS Region 7,2019-02-23,2019-03-16,3,0.975,340.587366650457,ili perc,quantile
HHS Region 7,2019-02-23,2019-03-16,3,0.99,340.587366650457,ili perc,quantile
HHS Region 7,2019-02-23,2019-03-23,4,0.01,1.9317590129005,ili perc,quantile
HHS Region 7,2019-02-23,2019-03-23,4,0.025,1.9317590129005,ili perc,quantile
HHS Region 7,2019-02-23,2019-03-23,4,0.05,2.0956107842369,ili perc,quantile
HHS Region 7,2019-02-23,2019-03-23,4,0.1,2.34423017926656,ili perc,quantile
HHS Region 7,2019-02-23,2019-03-23,4,0.15,2.4091164026961,ili perc,quantile
HHS Region 7,2019-02-23,2019-03-23,4,0.2,2.67489387547698,ili perc,quantile
HHS Region 7,2019-02-23,2019-03-23,4,0.25,2.90834875061097,ili perc,quantile
HHS Region 7,2019-02-23,2019-03-23,4,0.3,3.03855299471923,ili perc,quantile
HHS Region 7,2019-02-23,2019-03-23,4,0.35,3.22788982084126,ili perc,quantile
HHS Region 7,2019-02-23,2019-03-23,4,0.4,3.38492705594052,ili perc,quantile
HHS Region 7,2019-02-23,2019-03-23,4,0.45,3.57242489666038,ili perc,quantile
HHS Region 7,2019-02-23,2019-03-23,4,0.5,342.595767144926,ili perc,quantile
HHS Region 7,2019-02-23,2019-03-23,4,0.55,342.595767144926,ili perc,quantile
HHS Region 7,2019-02-23,2019-03-23,4,0.6,342.595767144926,ili perc,quantile
HHS Region 7,2019-02-23,2019-03-23,4,0.65,342.595767144926,ili perc,quantile
HHS Region 7,2019-02-23,2019-03-23,4,0.7,342.595767144926,ili perc,quantile
HHS Region 7,2019-02-23,2019-03-23,4,0.75,342.595767144926,ili perc,quantile
HHS Region 7,2019-02-23,2019-03-23,4,0.8,342.595767144926,ili perc,quantile
HHS Region 7,2019-02-23,2019-03-23,4,0.85,342.595767144926,ili perc,quantile
HHS Region 7,2019-02-23,2019-03-23,4,0.9,342.595767144926,ili perc,quantile
HHS Region 7,2019-02-23,2019-03-23,4,0.95,342.595767144926,ili perc,quantile
HHS Region 7,2019-02-23,2019-03-23,4,0.975,342.595767144926,ili perc,quantile
HHS Region 7,2019-02-23,2019-03-23,4,0.99,342.595767144926,ili perc,quantile
HHS Region 8,2019-02-23,2019-03-02,1,0.01,2.81374060945814,ili perc,quantile
HHS Region 8,2019-02-23,2019-03-02,1,0.025,2.82389052813596,ili perc,quantile
HHS Region 8,2019-02-23,2019-03-02,1,0.05,3.03491465288243,ili perc,quantile
HHS Region 8,2019-02-23,2019-03-02,1,0.1,3.27635442794463,ili perc,quantile
HHS Region 8,2019-02-23,2019-03-02,1,0.15,3.3645135769475,ili perc,quantile
HHS Region 8,2019-02-23,2019-03-02,1,0.2,3.73949944183937,ili perc,quantile
HHS Region 8,2019-02-23,2019-03-02,1,0.25,3.92011728273883,ili perc,quantile
HHS Region 8,2019-02-23,2019-03-02,1,0.3,4.00072377757965,ili perc,quantile
HHS Region 8,2019-02-23,2019-03-02,1,0.35,4.07738877376141,ili perc,quantile
HHS Region 8,2019-02-23,2019-03-02,1,0.4,4.25622528722829,ili perc,quantile
HHS Region 8,2019-02-23,2019-03-02,1,0.45,4.45254654144014,ili perc,quantile
HHS Region 8,2019-02-23,2019-03-02,1,0.5,1913.37696264558,ili perc,quantile
HHS Region 8,2019-02-23,2019-03-02,1,0.55,1913.37696264558,ili perc,quantile
HHS Region 8,2019-02-23,2019-03-02,1,0.6,1913.37696264558,ili perc,quantile
HHS Region 8,2019-02-23,2019-03-02,1,0.65,1913.37696264558,ili perc,quantile
HHS Region 8,2019-02-23,2019-03-02,1,0.7,1913.37696264558,ili perc,quantile
HHS Region 8,2019-02-23,2019-03-02,1,0.75,1913.37696264558,ili perc,quantile
HHS Region 8,2019-02-23,2019-03-02,1,0.8,1913.37696264558,ili perc,quantile
HHS Region 8,2019-02-23,2019-03-02,1,0.85,1913.37696264558,ili perc,quantile
HHS Region 8,2019-02-23,2019-03-02,1,0.9,1913.37696264558,ili perc,quantile
HHS Region 8,2019-02-23,2019-03-02,1,0.95,1913.37696264558,ili perc,quantile
HHS Region 8,2019-02-23,2019-03-02,1,0.975,1913.37696264558,ili perc,quantile
HHS Region 8,2019-02-23,2019-03-02,1,0.99,1913.37696264558,ili perc,quantile
HHS Region 8,2019-02-23,2019-03-09,2,0.01,2.73126912317002,ili perc,quantile
HHS Region 8,2019-02-23,2019-03-09,2,0.025,2.75185326780661,ili perc,quantile
HHS Region 8,2019-02-23,2019-03-09,2,0.05,2.95522596208639,ili perc,quantile
HHS Region 8,2019-02-23,2019-03-09,2,0.1,3.18969488305015,ili perc,quantile
HHS Region 8,2019-02-23,2019-03-09,2,0.15,3.27626168209895,ili perc,quantile
HHS Region 8,2019-02-23,2019-03-09,2,0.2,3.64199529558437,ili perc,quantile
HHS Region 8,2019-02-23,2019-03-09,2,0.25,3.82887763435542,ili perc,quantile
HHS Region 8,2019-02-23,2019-03-09,2,0.3,3.91642224325892,ili perc,quantile
HHS Region 8,2019-02-23,2019-03-09,2,0.35,4.01229678860227,ili perc,quantile
HHS Region 8,2019-02-23,2019-03-09,2,0.4,4.19007725489678,ili perc,quantile
HHS Region 8,2019-02-23,2019-03-09,2,0.45,4.39178020633449,ili perc,quantile
HHS Region 8,2019-02-23,2019-03-09,2,0.5,1742.01947234197,ili perc,quantile
HHS Region 8,2019-02-23,2019-03-09,2,0.55,1742.01947234197,ili perc,quantile
HHS Region 8,2019-02-23,2019-03-09,2,0.6,1742.01947234197,ili perc,quantile
HHS Region 8,2019-02-23,2019-03-09,2,0.65,1742.01947234197,ili perc,quantile
HHS Region 8,2019-02-23,2019-03-09,2,0.7,1742.01947234197,ili perc,quantile
HHS Region 8,2019-02-23,2019-03-09,2,0.75,1742.01947234197,ili perc,quantile
HHS Region 8,2019-02-23,2019-03-09,2,0.8,1742.01947234197,ili perc,quantile
HHS Region 8,2019-02-23,2019-03-09,2,0.85,1742.01947234197,ili perc,quantile
HHS Region 8,2019-02-23,2019-03-09,2,0.9,1742.01947234197,ili perc,quantile
HHS Region 8,2019-02-23,2019-03-09,2,0.95,1742.01947234197,ili perc,quantile
HHS Region 8,2019-02-23,2019-03-09,2,0.975,1742.01947234197,ili perc,quantile
HHS Region 8,2019-02-23,2019-03-09,2,0.99,1742.01947234197,ili perc,quantile
HHS Region 8,2019-02-23,2019-03-16,3,0.01,2.94582713365526,ili perc,quantile
HHS Region 8,2019-02-23,2019-03-16,3,0.025,2.98246519863778,ili perc,quantile
HHS Region 8,2019-02-23,2019-03-16,3,0.05,3.12630625697602,ili perc,quantile
HHS Region 8,2019-02-23,2019-03-16,3,0.1,3.30394717788931,ili perc,quantile
HHS Region 8,2019-02-23,2019-03-16,3,0.15,3.36763072495887,ili perc,quantile
HHS Region 8,2019-02-23,2019-03-16,3,0.2,3.77393438000126,ili perc,quantile
HHS Region 8,2019-02-23,2019-03-16,3,0.25,3.932047003344,ili perc,quantile
HHS Region 8,2019-02-23,2019-03-16,3,0.3,4.00926714436719,ili perc,quantile
HHS Region 8,2019-02-23,2019-03-16,3,0.35,4.10201204927489,ili perc,quantile
HHS Region 8,2019-02-23,2019-03-16,3,0.4,4.27994092563767,ili perc,quantile
HHS Region 8,2019-02-23,2019-03-16,3,0.45,4.46583314730015,ili perc,quantile
HHS Region 8,2019-02-23,2019-03-16,3,0.5,2307.52830050548,ili perc,quantile
HHS Region 8,2019-02-23,2019-03-16,3,0.55,2307.52830050548,ili perc,quantile
HHS Region 8,2019-02-23,2019-03-16,3,0.6,2307.52830050548,ili perc,quantile
HHS Region 8,2019-02-23,2019-03-16,3,0.65,2307.52830050548,ili perc,quantile
HHS Region 8,2019-02-23,2019-03-16,3,0.7,2307.52830050548,ili perc,quantile
HHS Region 8,2019-02-23,2019-03-16,3,0.75,2307.52830050548,ili perc,quantile
HHS Region 8,2019-02-23,2019-03-16,3,0.8,2307.52830050548,ili perc,quantile
HHS Region 8,2019-02-23,2019-03-16,3,0.85,2307.52830050548,ili perc,quantile
HHS Region 8,2019-02-23,2019-03-16,3,0.9,2307.52830050548,ili perc,quantile
HHS Region 8,2019-02-23,2019-03-16,3,0.95,2307.52830050548,ili perc,quantile
HHS Region 8,2019-02-23,2019-03-16,3,0.975,2307.52830050548,ili perc,quantile
HHS Region 8,2019-02-23,2019-03-16,3,0.99,2307.52830050548,ili perc,quantile
HHS Region 8,2019-02-23,2019-03-23,4,0.01,2.92203731487007,ili perc,quantile
HHS Region 8,2019-02-23,2019-03-23,4,0.025,2.97021984247476,ili perc,quantile
HHS Region 8,2019-02-23,2019-03-23,4,0.05,3.09615992610679,ili perc,quantile
HHS Region 8,2019-02-23,2019-03-23,4,0.1,3.25698012786324,ili perc,quantile
HHS Region 8,2019-02-23,2019-03-23,4,0.15,3.31486505709245,ili perc,quantile
HHS Region 8,2019-02-23,2019-03-23,4,0.2,3.72175944016908,ili perc,quantile
HHS Region 8,2019-02-23,2019-03-23,4,0.25,3.87921514085656,ili perc,quantile
HHS Region 8,2019-02-23,2019-03-23,4,0.3,3.95996297002603,ili perc,quantile
HHS Region 8,2019-02-23,2019-03-23,4,0.35,4.06750405468074,ili perc,quantile
HHS Region 8,2019-02-23,2019-03-23,4,0.4,4.24461483855293,ili perc,quantile
HHS Region 8,2019-02-23,2019-03-23,4,0.45,4.43170194445338,ili perc,quantile
HHS Region 8,2019-02-23,2019-03-23,4,0.5,2281.74741038403,ili perc,quantile
HHS Region 8,2019-02-23,2019-03-23,4,0.55,2281.74741038403,ili perc,quantile
HHS Region 8,2019-02-23,2019-03-23,4,0.6,2281.74741038403,ili perc,quantile
HHS Region 8,2019-02-23,2019-03-23,4,0.65,2281.74741038403,ili perc,quantile
HHS Region 8,2019-02-23,2019-03-23,4,0.7,2281.74741038403,ili perc,quantile
HHS Region 8,2019-02-23,2019-03-23,4,0.75,2281.74741038403,ili perc,quantile
HHS Region 8,2019-02-23,2019-03-23,4,0.8,2281.74741038403,ili perc,quantile
HHS Region 8,2019-02-23,2019-03-23,4,0.85,2281.74741038403,ili perc,quantile
HHS Region 8,2019-02-23,2019-03-23,4,0.9,2281.74741038403,ili perc,quantile
HHS Region 8,2019-02-23,2019-03-23,4,0.95,2281.74741038403,ili perc,quantile
HHS Region 8,2019-02-23,2019-03-23,4,0.975,2281.74741038403,ili perc,quantile
HHS Region 8,2019-02-23,2019-03-23,4,0.99,2281.74741038403,ili perc,quantile
HHS Region 9,2019-02-23,2019-03-02,1,0.01,2.18357101977836,ili perc,quantile
HHS Region 9,2019-02-23,2019-03-02,1,0.025,2.21392748812283,ili perc,quantile
HHS Region 9,2019-02-23,2019-03-02,1,0.05,2.36075179440101,ili perc,quantile
HHS Region 9,2019-02-23,2019-03-02,1,0.1,2.52900388222815,ili perc,quantile
HHS Region 9,2019-02-23,2019-03-02,1,0.15,2.59968248787598,ili perc,quantile
HHS Region 9,2019-02-23,2019-03-02,1,0.2,2.69293118268089,ili perc,quantile
HHS Region 9,2019-02-23,2019-03-02,1,0.25,2.81613916892175,ili perc,quantile
HHS Region 9,2019-02-23,2019-03-02,1,0.3,2.89438610302916,ili perc,quantile
HHS Region 9,2019-02-23,2019-03-02,1,0.35,2.98093587255001,ili perc,quantile
HHS Region 9,2019-02-23,2019-03-02,1,0.4,3.07298638018868,ili perc,quantile
HHS Region 9,2019-02-23,2019-03-02,1,0.45,3.15779151751404,ili perc,quantile
HHS Region 9,2019-02-23,2019-03-02,1,0.5,122.979753512835,ili perc,quantile
HHS Region 9,2019-02-23,2019-03-02,1,0.55,122.979753512835,ili perc,quantile
HHS Region 9,2019-02-23,2019-03-02,1,0.6,122.979753512835,ili perc,quantile
HHS Region 9,2019-02-23,2019-03-02,1,0.65,122.979753512835,ili perc,quantile
HHS Region 9,2019-02-23,2019-03-02,1,0.7,122.979753512835,ili perc,quantile
HHS Region 9,2019-02-23,2019-03-02,1,0.75,122.979753512835,ili perc,quantile
HHS Region 9,2019-02-23,2019-03-02,1,0.8,122.979753512835,ili perc,quantile
HHS Region 9,2019-02-23,2019-03-02,1,0.85,122.979753512835,ili perc,quantile
HHS Region 9,2019-02-23,2019-03-02,1,0.9,122.979753512835,ili perc,quantile
HHS Region 9,2019-02-23,2019-03-02,1,0.95,122.979753512835,ili perc,quantile
HHS Region 9,2019-02-23,2019-03-02,1,0.975,122.979753512835,ili perc,quantile
HHS Region 9,2019-02-23,2019-03-02,1,0.99,122.979753512835,ili perc,quantile
HHS Region 9,2019-02-23,2019-03-09,2,0.01,2.16115183860738,ili perc,quantile
HHS Region 9,2019-02-23,2019-03-09,2,0.025,2.20307870155918,ili perc,quantile
HHS Region 9,2019-02-23,2019-03-09,2,0.05,2.331762632796,ili perc,quantile
HHS Region 9,2019-02-23,2019-03-09,2,0.1,2.48296393650604,ili perc,quantile
HHS Region 9,2019-02-23,2019-03-09,2,0.15,2.54774567780467,ili perc,quantile
HHS Region 9,2019-02-23,2019-03-09,2,0.2,2.64181500477569,ili perc,quantile
HHS Region 9,2019-02-23,2019-03-09,2,0.25,2.76420440357353,ili perc,quantile
HHS Region 9,2019-02-23,2019-03-09,2,0.3,2.84589936793327,ili perc,quantile
HHS Region 9,2019-02-23,2019-03-09,2,0.35,2.9471422333869,ili perc,quantile
HHS Region 9,2019-02-23,2019-03-09,2,0.4,3.03838020648247,ili perc,quantile
HHS Region 9,2019-02-23,2019-03-09,2,0.45,3.12428243594782,ili perc,quantile
HHS Region 9,2019-02-23,2019-03-09,2,0.5,100.599120618104,ili perc,quantile
HHS Region 9,2019-02-23,2019-03-09,2,0.55,100.599120618104,ili perc,quantile
HHS Region 9,2019-02-23,2019-03-09,2,0.6,100.599120618104,ili perc,quantile
HHS Region 9,2019-02-23,2019-03-09,2,0.65,100.599120618104,ili perc,quantile
HHS Region 9,2019-02-23,2019-03-09,2,0.7,100.599120618104,ili perc,quantile
HHS Region 9,2019-02-23,2019-03-09,2,0.75,100.599120618104,ili perc,quantile
HHS Region 9,2019-02-23,2019-03-09,2,0.8,100.599120618104,ili perc,quantile
HHS Region 9,2019-02-23,2019-03-09,2,0.85,100.599120618104,ili perc,quantile
HHS Region 9,2019-02-23,2019-03-09,2,0.9,100.599120618104,ili perc,quantile
HHS Region 9,2019-02-23,2019-03-09,2,0.95,100.599120618104,ili perc,quantile
HHS Region 9,2019-02-23,2019-03-09,2,0.975,100.599120618104,ili perc,quantile
HHS Region 9,2019-02-23,2019-03-09,2,0.99,100.599120618104,ili perc,quantile
HHS Region 9,2019-02-23,2019-03-16,3,0.01,2.1392694261498,ili perc,quantile
HHS Region 9,2019-02-23,2019-03-16,3,0.025,2.19277683918558,ili perc,quantile
HHS Region 9,2019-02-23,2019-03-16,3,0.05,2.30322664148979,ili perc,quantile
HHS Region 9,2019-02-23,2019-03-16,3,0.1,2.43728706310803,ili perc,quantile
HHS Region 9,2019-02-23,2019-03-16,3,0.15,2.49613346478745,ili perc,quantile
HHS Region 9,2019-02-23,2019-03-16,3,0.2,2.5911134589157,ili perc,quantile
HHS Region 9,2019-02-23,2019-03-16,3,0.25,2.71262095915222,ili perc,quantile
HHS Region 9,2019-02-23,2019-03-16,3,0.3,2.79773275816248,ili perc,quantile
HHS Region 9,2019-02-23,2019-03-16,3,0.35,2.91362834989479,ili perc,quantile
HHS Region 9,2019-02-23,2019-03-16,3,0.4,3.00405596504912,ili perc,quantile
HHS Region 9,2019-02-23,2019-03-16,3,0.45,3.09101698934091,ili perc,quantile
HHS Region 9,2019-02-23,2019-03-16,3,0.5,79.5500954929882,ili perc,quantile
HHS Region 9,2019-02-23,2019-03-16,3,0.55,79.5500954929882,ili perc,quantile
HHS Region 9,2019-02-23,2019-03-16,3,0.6,79.5500954929882,ili perc,quantile
HHS Region 9,2019-02-23,2019-03-16,3,0.65,79.5500954929882,ili perc,quantile
HHS Region 9,2019-02-23,2019-03-16,3,0.7,79.5500954929882,ili perc,quantile
HHS Region 9,2019-02-23,2019-03-16,3,0.75,79.5500954929882,ili perc,quantile
HHS Region 9,2019-02-23,2019-03-16,3,0.8,79.5500954929882,ili perc,quantile
HHS Region 9,2019-02-23,2019-03-16,3,0.85,79.5500954929882,ili perc,quantile
HHS Region 9,2019-02-23,2019-03-16,3,0.9,79.5500954929882,ili perc,quantile
HHS Region 9,2019-02-23,2019-03-16,3,0.95,79.5500954929882,ili perc,quantile
HHS Region 9,2019-02-23,2019-03-16,3,0.975,79.5500954929882,ili perc,quantile
HHS Region 9,2019-02-23,2019-03-16,3,0.99,79.5500954929882,ili perc,quantile
HHS Region 9,2019-02-23,2019-03-23,4,0.01,2.11844364556124,ili perc,quantile
HHS Region 9,2019-02-23,2019-03-23,4,0.025,2.1835515997871,ili perc,quantile
HHS Region 9,2019-02-23,2019-03-23,4,0.05,2.2755827181597,ili perc,quantile
HHS Region 9,2019-02-23,2019-03-23,4,0.1,2.39232489937699,ili perc,quantile
HHS Region 9,2019-02-23,2019-03-23,4,0.15,2.44516022267782,ili perc,quantile
HHS Region 9,2019-02-23,2019-03-23,4,0.2,2.54122811828882,ili perc,quantile
HHS Region 9,2019-02-23,2019-03-23,4,0.25,2.66172909171436,ili perc,quantile
HHS Region 9,2019-02-23,2019-03-23,4,0.3,2.7501963166787,ili perc,quantile
HHS Region 9,2019-02-23,2019-03-23,4,0.35,2.88066516682562,ili perc,quantile
HHS Region 9,2019-02-23,2019-03-23,4,0.4,2.97028670869029,ili perc,quantile
HHS Region 9,2019-02-23,2019-03-23,4,0.45,3.05823113935722,ili perc,quantile
HHS Region 9,2019-02-23,2019-03-23,4,0.5,61.122346853064,ili perc,quantile
HHS Region 9,2019-02-23,2019-03-23,4,0.55,61.122346853064,ili perc,quantile
HHS Region 9,2019-02-23,2019-03-23,4,0.6,61.122346853064,ili perc,quantile
HHS Region 9,2019-02-23,2019-03-23,4,0.65,61.122346853064,ili perc,quantile
HHS Region 9,2019-02-23,2019-03-23,4,0.7,61.122346853064,ili perc,quantile
HHS Region 9,2019-02-23,2019-03-23,4,0.75,61.122346853064,ili perc,quantile
HHS Region 9,2019-02-23,2019-03-23,4,0.8,61.122346853064,ili perc,quantile
HHS Region 9,2019-02-23,2019-03-23,4,0.85,61.122346853064,ili perc,quantile
HHS Region 9,2019-02-23,2019-03-23,4,0.9,61.122346853064,ili perc,quantile
HHS Region 9,2019-02-23,2019-03-23,4,0.95,61.122346853064,ili perc,quantile
HHS Region 9,2019-02-23,2019-03-23,4,0.975,61.122346853064,ili perc,quantile
HHS Region 9,2019-02-23,2019-03-23,4,0.99,61.122346853064,ili perc,quantile
US National,2019-02-23,2019-03-02,1,0.01,2.50022809668428,ili perc,quantile
US National,2019-02-23,2019-03-02,1,0.025,2.54279610083609,ili perc,quantile
US National,2019-02-23,2019-03-02,1,0.05,2.71660668938819,ili perc,quantile
US National,2019-02-23,2019-03-02,1,0.1,2.94198683059074,ili perc,quantile
US National,2019-02-23,2019-03-02,1,0.15,3.01237852632119,ili perc,quantile
US National,2019-02-23,2019-03-02,1,0.2,3.18948619381217,ili perc,quantile
US National,2019-02-23,2019-03-02,1,0.25,3.33042029926264,ili perc,quantile
US National,2019-02-23,2019-03-02,1,0.3,3.41583158226456,ili perc,quantile
US National,2019-02-23,2019-03-02,1,0.35,3.47894155154711,ili perc,quantile
US National,2019-02-23,2019-03-02,1,0.4,3.58605520935293,ili perc,quantile
US National,2019-02-23,2019-03-02,1,0.45,3.6975477231357,ili perc,quantile
US National,2019-02-23,2019-03-02,1,0.5,549.542042323688,ili perc,quantile
US National,2019-02-23,2019-03-02,1,0.55,549.542042323688,ili perc,quantile
US National,2019-02-23,2019-03-02,1,0.6,549.542042323688,ili perc,quantile
US National,2019-02-23,2019-03-02,1,0.65,549.542042323688,ili perc,quantile
US National,2019-02-23,2019-03-02,1,0.7,549.542042323688,ili perc,quantile
US National,2019-02-23,2019-03-02,1,0.75,549.542042323688,ili perc,quantile
US National,2019-02-23,2019-03-02,1,0.8,549.542042323688,ili perc,quantile
US National,2019-02-23,2019-03-02,1,0.85,549.542042323688,ili perc,quantile
US National,2019-02-23,2019-03-02,1,0.9,549.542042323688,ili perc,quantile
US National,2019-02-23,2019-03-02,1,0.95,549.542042323688,ili perc,quantile
US National,2019-02-23,2019-03-02,1,0.975,549.542042323688,ili perc,quantile
US National,2019-02-23,2019-03-02,1,0.99,549.542042323688,ili perc,quantile
US National,2019-02-23,2019-03-09,2,0.01,2.44800128605971,ili perc,quantile
US National,2019-02-23,2019-03-09,2,0.025,2.50157573487525,ili perc,quantile
US National,2019-02-23,2019-03-09,2,0.05,2.66245225266738,ili perc,quantile
US National,2019-02-23,2019-03-09,2,0.1,2.87578489511111,ili perc,quantile
US National,2019-02-23,2019-03-09,2,0.15,2.94241632008084,ili perc,quantile
US National,2019-02-23,2019-03-09,2,0.2,3.11534483196118,ili perc,quantile
US National,2019-02-23,2019-03-09,2,0.25,3.25897611813173,ili perc,quantile
US National,2019-02-23,2019-03-09,2,0.3,3.34956777329666,ili perc,quantile
US National,2019-02-23,2019-03-09,2,0.35,3.42961263029702,ili perc,quantile
US National,2019-02-23,2019-03-09,2,0.4,3.53579288335834,ili perc,quantile
US National,2019-02-23,2019-03-09,2,0.45,3.65050920066204,ili perc,quantile
US National,2019-02-23,2019-03-09,2,0.5,453.215089563833,ili perc,quantile
US National,2019-02-23,2019-03-09,2,0.55,453.215089563833,ili perc,quantile
US National,2019-02-23,2019-03-09,2,0.6,453.215089563833,ili perc,quantile
US National,2019-02-23,2019-03-09,2,0.65,453.215089563833,ili perc,quantile
US National,2019-02-23,2019-03-09,2,0.7,453.215089563833,ili perc,quantile
US National,2019-02-23,2019-03-09,2,0.75,453.215089563833,ili perc,quantile
US National,2019-02-23,2019-03-09,2,0.8,453.215089563833,ili perc,quantile
US National,2019-02-23,2019-03-09,2,0.85,453.215089563833,ili perc,quantile
US National,2019-02-23,2019-03-09,2,0.9,453.215089563833,ili perc,quantile
US National,2019-02-23,2019-03-09,2,0.95,453.215089563833,ili perc,quantile
US National,2019-02-23,2019-03-09,2,0.975,453.215089563833,ili perc,quantile
US National,2019-02-23,2019-03-09,2,0.99,453.215089563833,ili perc,quantile
US National,2019-02-23,2019-03-16,3,0.01,2.38739506145521,ili perc,quantile
US National,2019-02-23,2019-03-16,3,0.025,2.45181741934726,ili perc,quantile
US National,2019-02-23,2019-03-16,3,0.05,2.60122344398297,ili perc,quantile
US National,2019-02-23,2019-03-16,3,0.1,2.80391509331901,ili perc,quantile
US National,2019-02-23,2019-03-16,3,0.15,2.86738687906092,ili perc,quantile
US National,2019-02-23,2019-03-16,3,0.2,3.03473071290739,ili perc,quantile
US National,2019-02-23,2019-03-16,3,0.25,3.1820475199458,ili perc,quantile
US National,2019-02-23,2019-03-16,3,0.3,3.27830653702398,ili perc,quantile
US National,2019-02-23,2019-03-16,3,0.35,3.3759164862156,ili perc,quantile
US National,2019-02-23,2019-03-16,3,0.4,3.48112935593446,ili perc,quantile
US National,2019-02-23,2019-03-16,3,0.45,3.59966733024174,ili perc,quantile
US National,2019-02-23,2019-03-16,3,0.5,336.100612341569,ili perc,quantile
US National,2019-02-23,2019-03-16,3,0.55,336.100612341569,ili perc,quantile
US National,2019-02-23,2019-03-16,3,0.6,336.100612341569,ili perc,quantile
US National,2019-02-23,2019-03-16,3,0.65,336.100612341569,ili perc,quantile
US National,2019-02-23,2019-03-16,3,0.7,336.100612341569,ili perc,quantile
US National,2019-02-23,2019-03-16,3,0.75,336.100612341569,ili perc,quantile
US National,2019-02-23,2019-03-16,3,0.8,336.100612341569,ili perc,quantile
US National,2019-02-23,2019-03-16,3,0.85,336.100612341569,ili perc,quantile
US National,2019-02-23,2019-03-16,3,0.9,336.100612341569,ili perc,quantile
US National,2019-02-23,2019-03-16,3,0.95,336.100612341569,ili perc,quantile
US National,2019-02-23,2019-03-16,3,0.975,336.100612341569,ili perc,quantile
US National,2019-02-23,2019-03-16,3,0.99,336.100612341569,ili perc,quantile
US National,2019-02-23,2019-03-23,4,0.01,2.33727789410312,ili perc,quantile
US National,2019-02-23,2019-03-23,4,0.025,2.41274661037318,ili perc,quantile
US National,2019-02-23,2019-03-23,4,0.05,2.54885008661407,ili perc,quantile
US National,2019-02-23,2019-03-23,4,0.1,2.7391401282772,ili perc,quantile
US National,2019-02-23,2019-03-23,4,0.15,2.79870042525215,ili perc,quantile
US National,2019-02-23,2019-03-23,4,0.2,2.96221896486,ili perc,quantile
US National,2019-02-23,2019-03-23,4,0.25,3.11198412314806,ili perc,quantile
US National,2019-02-23,2019-03-23,4,0.3,3.2133009054082,ili perc,quantile
US National,2019-02-23,2019-03-23,4,0.35,3.32768707888019,ili perc,quantile
US National,2019-02-23,2019-03-23,4,0.4,3.43197509847641,ili perc,quantile
US National,2019-02-23,2019-03-23,4,0.45,3.55358635771475,ili perc,quantile
US National,2019-02-23,2019-03-23,4,0.5,245.007230955704,ili perc,quantile
US National,2019-02-23,2019-03-23,4,0.55,245.007230955704,ili perc,quantile
US National,2019-02-23,2019-03-23,4,0.6,245.007230955704,ili perc,quantile
US National,2019-02-23,2019-03-23,4,0.65,245.007230955704,ili perc,quantile
US National,2019-02-23,2019-03-23,4,0.7,245.007230955704,ili perc,quantile
US National,2019-02-23,2019-03-23,4,0.75,245.007230955704,ili perc,quantile
US National,2019-02-23,2019-03-23,4,0.8,245.007230955704,ili perc,quantile
US National,2019-02-23,2019-03-23,4,0.85,245.007230955704,ili perc,quantile
US National,2019-02-23,2019-03-23,4,0.9,245.007230955704,ili perc,quantile
US National,2019-02-23,2019-03-23,4,0.95,245.007230955704,ili perc,quantile
US National,2019-02-23,2019-03-23,4,0.975,245.007230955704,ili perc,quantile
US National,2019-02-23,2019-03-23,4,0.99,245.007230955704,ili perc,quantile
